colorHex,colorName,description,detailDescription,id,imageUrl,personalColorType,price,productUrl,type
#ed6f45,스크래치 화이트 | 4387/302/251,컬러 블록 하이테크 탱크 티셔츠,천공 구조의 가볍고 신축성 있는 하이테크 원단으로 제작된 슬림핏 러닝 티셔츠.- 퀵 드라이 레벨 2 원단.- 넓은 라운드넥과 열처리 마감된 소매.- 측면 트임 밑단.- 로고 프린트 디테일.Zara Athleticz,1,https://static.zara.net/assets/public/cf16/e292/6add4b878336/f21c04da4aff/04387302251-e1/04387302251-e1.jpg?ts=1753961756224&w=1024,Bright Spring,"₩ 45,900",https://www.zara.com/kr/ko/%E1%84%8F%E1%85%A5%E1%86%AF%E1%84%85%E1%85%A5-%E1%84%87%E1%85%B3%E1%86%AF%E1%84%85%E1%85%A9%E1%86%A8-%E1%84%92%E1%85%A1%E1%84%8B%E1%85%B5%E1%84%90%E1%85%A6%E1%84%8F%E1%85%B3-%E1%84%90%E1%85%A2%E1%86%BC%E1%84%8F%E1%85%B3-%E1%84%90%E1%85%B5%E1%84%89%E1%85%A7%E1%84%8E%E1%85%B3-p04387302.html,t-shirts
#f9f6f0,화이트 | 4092/362/250,리미티드 에디션 실켓 롱 슬리브 티셔츠,실켓 마감 코튼 소재 릴랙스핏 티셔츠. 리브드 마감 라운드넥 긴소매 디자인.,2,https://static.zara.net/assets/public/e315/6b74/9f1e4c8b8495/a44850ec9dd7/04092362250-e1/04092362250-e1.jpg?ts=1761146776408&w=1024,Bright Spring,"₩ 55,900",https://www.zara.com/kr/ko/%E1%84%85%E1%85%B5%E1%84%86%E1%85%B5%E1%84%90%E1%85%B5%E1%84%83%E1%85%B3-%E1%84%8B%E1%85%A6%E1%84%83%E1%85%B5%E1%84%89%E1%85%A7%E1%86%AB-%E1%84%89%E1%85%B5%E1%86%AF%E1%84%8F%E1%85%A6%E1%86%BA-%E1%84%85%E1%85%A9%E1%86%BC-%E1%84%89%E1%85%B3%E1%86%AF%E1%84%85%E1%85%B5%E1%84%87%E1%85%B3-%E1%84%90%E1%85%B5%E1%84%89%E1%85%A7%E1%84%8E%E1%85%B3-p04092362.html,t-shirts
#e8e7d2,라임 | 4387/416/520,펀칭 긴소매 티셔츠,뻣뻣하고 가벼운 펀칭 테크니컬 원단으로 제작된 슬림핏 러닝 스포츠 티셔츠.- 퀵 드라이 레벨 2 원단.- 라운드넥 긴소매.- 쓸림 방지 오버록 솔기.- 앞면 배색 텍스트 프린트 디테일.Lab Collection.Zara Athleticz engineered.,3,https://static.zara.net/assets/public/7028/85f6/8c88483ca158/18b58bf34d2f/04387416520-e1/04387416520-e1.jpg?ts=1753961766039&w=1024,Bright Spring,"₩ 59,900",https://www.zara.com/kr/ko/%E1%84%91%E1%85%A5%E1%86%AB%E1%84%8E%E1%85%B5%E1%86%BC-%E1%84%80%E1%85%B5%E1%86%AB%E1%84%89%E1%85%A9%E1%84%86%E1%85%A2-%E1%84%90%E1%85%B5%E1%84%89%E1%85%A7%E1%84%8E%E1%85%B3-p04387416.html,t-shirts
#e5e6a8,라임 | 4387/413/520,경량 하이테크 티셔츠,구조적인 가볍고 신축성 있는 기능성 소재로 제작된 스포츠 티셔츠.- 퀵 드라이 레벨 2 소재.- 슬림 핏.- 라운드넥 반소매.- 쓸림 방지를 위한 열 접착 솔기.- 밑단 오버록 솔기.- 뒷면 반사 효과 프린트.Lab Collection.Zara Athleticz engineered.,4,https://static.zara.net/assets/public/9e54/4323/6e72493eb609/6a2956846d91/04387413520-e1/04387413520-e1.jpg?ts=1753964407919&w=1024,Bright Spring,"₩ 55,900",https://www.zara.com/kr/ko/%E1%84%80%E1%85%A7%E1%86%BC%E1%84%85%E1%85%A3%E1%86%BC-%E1%84%92%E1%85%A1%E1%84%8B%E1%85%B5%E1%84%90%E1%85%A6%E1%84%8F%E1%85%B3-%E1%84%90%E1%85%B5%E1%84%89%E1%85%A7%E1%84%8E%E1%85%B3-p04387413.html,t-shirts
#f6f6f6,블랙 / 브라운 | 1501/450/099,워싱 슬림핏 티셔츠,중량 면 소재로 제작된 슬림핏 티셔츠입니다. 라운드넥 반소매 디자인. 은은한 워싱 효과.Origins 스페셜 컬렉션.,5,https://static.zara.net/assets/public/d4fa/fce5/4db34eb1a7ee/e013db3b3ef3/01501450099-e1/01501450099-e1.jpg?ts=1761830746382&w=1024,Bright Spring,"₩ 45,900",https://www.zara.com/kr/ko/%E1%84%8B%E1%85%AF%E1%84%89%E1%85%B5%E1%86%BC-%E1%84%89%E1%85%B3%E1%86%AF%E1%84%85%E1%85%B5%E1%86%B7%E1%84%91%E1%85%B5%E1%86%BA-%E1%84%90%E1%85%B5%E1%84%89%E1%85%A7%E1%84%8E%E1%85%B3-p01501450.html,t-shirts
#f3e3d2,브라운 | 1437/395/700,와이드핏 코듀로이 팬츠,면 코듀로이 소재로 제작된 와이드핏 팬츠. 앞면 포켓과 버튼이 달린 뒷면 파이핑 포켓 디테일. 앞면 지퍼와 버튼 여밈.,6,https://static.zara.net/assets/public/59fa/ef7f/344447abac69/03715c2b72c7/01437395700-e1/01437395700-e1.jpg?ts=1760599463892&w=1024,Bright Spring,"₩ 89,900",https://www.zara.com/kr/ko/%E1%84%8B%E1%85%AA%E1%84%8B%E1%85%B5%E1%84%83%E1%85%B3%E1%84%91%E1%85%B5%E1%86%BA-%E1%84%8F%E1%85%A9%E1%84%83%E1%85%B2%E1%84%85%E1%85%A9%E1%84%8B%E1%85%B5-%E1%84%91%E1%85%A2%E1%86%AB%E1%84%8E%E1%85%B3-p01437395.html,trousers
#0a0a0a,카키 | 6351/325/505,BLLN PNT,코튼 소재 벌룬핏 팬츠. 앞면 웰트 포켓과 뒷면 웰트 포켓 디테일. 스티치 디테일이 있는 다리 부분. 워싱 효과. 앞면 지퍼와 버튼 여밈.,7,https://static.zara.net/assets/public/bba4/06ca/189a4e9a8d4a/0a4d1f3cf756/06351325505-e1/06351325505-e1.jpg?ts=1761659805158&w=1024,Bright Spring,"₩ 169,900",https://www.zara.com/kr/ko/blln-pnt-p06351325.html,trousers
#0a0a0a,브라운 | 6365/329/700,와이드 레그 팬츠,울과 비스코스 혼방 루즈핏 와이드 팬츠. 동일한 소재의 벨트로 허리 조절 가능. 앞면 셔링 디테일. 옆면 포켓과 가운데 셔링 디테일이 있는 뒷면 플랩 포켓. 앞면 지퍼와 히든 메탈 후크 여밈.,8,https://static.zara.net/assets/public/7c43/12ca/0aa24639a035/2589760a231b/06365329700-e1/06365329700-e1.jpg?ts=1761659821487&w=1024,Bright Spring,"₩ 189,900",https://www.zara.com/kr/ko/%E1%84%8B%E1%85%AE%E1%86%AF-%E1%84%87%E1%85%B5%E1%84%89%E1%85%B3%E1%84%8F%E1%85%A9%E1%84%89%E1%85%B3-%E1%84%8B%E1%85%AA%E1%84%8B%E1%85%B5%E1%84%83%E1%85%B3-%E1%84%91%E1%85%A2%E1%86%AB%E1%84%8E%E1%85%B3-p06365329.html,trousers
#0a0a0a,초콜렛 | 5885/509/717,울 - 코튼 스트럭처 팬츠,이탈리아산 울 및 코튼 혼방 소재로 제작된 스트레이트핏 팬츠.옆면 포켓과 앞면 코인 포켓 디테일. 뒷면 파이핑 포켓. 앞면 지퍼와 버튼 여밈.Origins 스페셜 컬렉션.,9,https://static.zara.net/assets/public/9225/3329/678141579132/6ada2c99551e/05885509717-e1/05885509717-e1.jpg?ts=1760520842580&w=1024,Bright Spring,"₩ 149,900",https://www.zara.com/kr/ko/%E1%84%8B%E1%85%AE%E1%86%AF---%E1%84%8F%E1%85%A9%E1%84%90%E1%85%B3%E1%86%AB-%E1%84%89%E1%85%B3%E1%84%90%E1%85%B3%E1%84%85%E1%85%A5%E1%86%A8%E1%84%8E%E1%85%A5-%E1%84%91%E1%85%A2%E1%86%AB%E1%84%8E%E1%85%B3-p05885509.html,trousers
#0a0a0a,브라운 | 5479/701/700,LIMITED EDITION 스웨이드 레더 팬츠,스웨이드 마감 가죽 소재로 제작된 와이드핏 팬츠. 5개의 포켓. 앞면 지퍼와 버튼 여밈.,10,https://static.zara.net/assets/public/5d27/e461/e685497b9a1e/ad92090dff9e/05479701700-e1/05479701700-e1.jpg?ts=1760356442736&w=1024,Bright Spring,"₩ 429,900",https://www.zara.com/kr/ko/limited-edition-%E1%84%89%E1%85%B3%E1%84%8B%E1%85%B0%E1%84%8B%E1%85%B5%E1%84%83%E1%85%B3-%E1%84%85%E1%85%A6%E1%84%83%E1%85%A5-%E1%84%91%E1%85%A2%E1%86%AB%E1%84%8E%E1%85%B3-p05479701.html,trousers
#e5dbcd,크림 화이트 | 2613/520/002,캐주얼 레더 로퍼,캐주얼 로퍼. 스웨이드 마감 가죽으로 제작된 상단 부분. 파이프 솔기 디테일의 플레인 컷. 라운드 토. 배색 밑창.,11,https://static.zara.net/assets/public/fbaa/e1f8/6bde4ba09af5/1d3a6cd06e3b/12613520002-e2/12613520002-e2.jpg?ts=1731413552125&w=1024,Bright Spring,"₩ 99,900",https://www.zara.com/kr/ko/%E1%84%8F%E1%85%A2%E1%84%8C%E1%85%AE%E1%84%8B%E1%85%A5%E1%86%AF-%E1%84%85%E1%85%A6%E1%84%83%E1%85%A5-%E1%84%85%E1%85%A9%E1%84%91%E1%85%A5-p12613520.html,shoes
#f9f6f0,화이트 | 2290/620/001,가죽 볼륨 스니커즈,단색 레이스업 스니커즈. 가죽 갑피. 라운드 토. 볼륨 있는 밑창.,12,https://static.zara.net/assets/public/47a2/5be3/f9144bbf8c98/f4e5fc8f9775/12290620001-e2/12290620001-e2.jpg?ts=1756206786138&w=1024,Bright Spring,"₩ 99,900",https://www.zara.com/kr/ko/%E1%84%80%E1%85%A1%E1%84%8C%E1%85%AE%E1%86%A8-%E1%84%87%E1%85%A9%E1%86%AF%E1%84%85%E1%85%B2%E1%86%B7-%E1%84%89%E1%85%B3%E1%84%82%E1%85%B5%E1%84%8F%E1%85%A5%E1%84%8C%E1%85%B3-p12290620.html,shoes
#654528,샌드 브라운 | 2014/620/107,레더 첼시 부츠,첼시 스타일 부츠. 스웨이드 마감 가죽 갑피. 쉬운 착용을 돕는 옆면 엘라스틱 밴드. 라운드 토. 가벼운 힐이 있는 동일한 색상의 밑창.,13,https://static.zara.net/assets/public/48a5/74af/e9ed465d9d7a/5b97cb8385c6/12014622107-e2/12014622107-e2.jpg?ts=1758622240253&w=1024,Bright Spring,"₩ 99,900",https://www.zara.com/kr/ko/%E1%84%85%E1%85%A6%E1%84%83%E1%85%A5-%E1%84%8E%E1%85%A6%E1%86%AF%E1%84%89%E1%85%B5-%E1%84%87%E1%85%AE%E1%84%8E%E1%85%B3-p12014620.html,shoes
#0a0a0a,블랙 | 2623/520/800,레더 로퍼,가죽 소재의 로퍼. 비구조적인 스트럭처. 둥근 앞코. 얇은 밑창.,14,https://static.zara.net/assets/public/c747/c9f0/e6fd47ac93c3/97b30d2dd32e/12623520800-e3/12623520800-e3.jpg?ts=1729149941792&w=1024,Bright Spring,"₩ 99,900",https://www.zara.com/kr/ko/%E1%84%85%E1%85%A6%E1%84%83%E1%85%A5-%E1%84%85%E1%85%A9%E1%84%91%E1%85%A5-p12623520.html,shoes
#0a0a0a,블랙 | 2004/620/800,첼시 드레스 부츠,첼시 스타일 부츠. 매끄러운 갑피. 신고 벗기 편하도록 옆면에 두 개의 밴딩 디테일과 뒷면 풀탭이 있습니다. 라운드 토. 낮은 굽의 밑창.,15,https://static.zara.net/assets/public/c6b8/ad4a/86a64ab48986/8b1212b0de75/12004620800-e2/12004620800-e2.jpg?ts=1759305580990&w=1024,Bright Spring,"₩ 99,900",https://www.zara.com/kr/ko/%E1%84%8E%E1%85%A6%E1%86%AF%E1%84%89%E1%85%B5-%E1%84%83%E1%85%B3%E1%84%85%E1%85%A6%E1%84%89%E1%85%B3-%E1%84%87%E1%85%AE%E1%84%8E%E1%85%B3-p12004620.html,shoes
#0a0a0a,노랑 | 4387/319/300,베이직 테크니컬 롱 슬리브 티셔츠,구조적인 테크니컬 경량 신축성 원단으로 제작된 티셔츠. - 퀵 드라이 레벨 2 원단.- 라운드넥 긴소매.- 플랫 솔기 마감으로 더욱 견고하며 활동에 적합합니다.- 로고 프린트 디테일. Zara Athleticz.,16,https://static.zara.net/assets/public/e384/5c9b/59594138945a/7ff14b59603c/04387319300-e1/04387319300-e1.jpg?ts=1759239878591&w=1024,Deep Autumn,"₩ 45,900",https://www.zara.com/kr/ko/%E1%84%87%E1%85%A6%E1%84%8B%E1%85%B5%E1%84%8C%E1%85%B5%E1%86%A8-%E1%84%90%E1%85%A6%E1%84%8F%E1%85%B3%E1%84%82%E1%85%B5%E1%84%8F%E1%85%A5%E1%86%AF-%E1%84%85%E1%85%A9%E1%86%BC-%E1%84%89%E1%85%B3%E1%86%AF%E1%84%85%E1%85%B5%E1%84%87%E1%85%B3-%E1%84%90%E1%85%B5%E1%84%89%E1%85%A7%E1%84%8E%E1%85%B3-p04387319.html,t-shirts
#0a0a0a,화이트 | 5584/342/250,골지 조직 베이커넥 티셔츠,릴랙스 핏 티셔츠. 전면 버튼 잠금으로 대비되는 라운드넥. 긴팔.,17,https://static.zara.net/assets/public/36bf/0812/93ec406488d2/d81927ea3946/05584342250-e1/05584342250-e1.jpg?ts=1756134400773&w=1024,Deep Autumn,"₩ 55,900",https://www.zara.com/kr/ko/%E1%84%80%E1%85%A9%E1%86%AF%E1%84%8C%E1%85%B5-%E1%84%8C%E1%85%A9%E1%84%8C%E1%85%B5%E1%86%A8-%E1%84%87%E1%85%A6%E1%84%8B%E1%85%B5%E1%84%8F%E1%85%A5%E1%84%82%E1%85%A6%E1%86%A8-%E1%84%90%E1%85%B5%E1%84%89%E1%85%A7%E1%84%8E%E1%85%B3-p05584342.html,t-shirts
#0a0a0a,화이트 | 1887/399/250,MEDIUM WEIGHT 베이직 티셔츠 3장 세트,레귤러 핏 베이직 티셔츠 3장 세트. 라운드넥 반소매 디자인입니다.기본 헤비 웨이트 모델보다 더 가볍습니다.,18,https://static.zara.net/assets/public/f435/c3ac/e9d24a4ab05d/cf76136d60ba/01887399800-e1/01887399800-e1.jpg?ts=1753857892142&w=330,Deep Autumn,"₩ 55,900",https://www.zara.com/kr/ko/medium-weight-%E1%84%87%E1%85%A6%E1%84%8B%E1%85%B5%E1%84%8C%E1%85%B5%E1%86%A8-%E1%84%90%E1%85%B5%E1%84%89%E1%85%A7%E1%84%8E%E1%85%B3-3%E1%84%8C%E1%85%A1%E1%86%BC-%E1%84%89%E1%85%A6%E1%84%90%E1%85%B3-p01887399.html,t-shirts
#0a0a0a,블랙 | 0794/390/800,니트 버튼 라운드넥 티셔츠,가벼운 조직의 슬림핏 니트 티셔츠. 앞면 버튼 여밈 디테일의 칼라와 긴소매. 불규칙한 마감.,19,https://static.zara.net/assets/public/fbe6/5314/179641679db2/07f550da8d09/00794390800-e1/00794390800-e1.jpg?ts=1756988290835&w=1024,Deep Autumn,"₩ 79,900",https://www.zara.com/kr/ko/%E1%84%82%E1%85%B5%E1%84%90%E1%85%B3-%E1%84%87%E1%85%A5%E1%84%90%E1%85%B3%E1%86%AB-%E1%84%85%E1%85%A1%E1%84%8B%E1%85%AE%E1%86%AB%E1%84%83%E1%85%B3%E1%84%82%E1%85%A6%E1%86%A8-%E1%84%90%E1%85%B5%E1%84%89%E1%85%A7%E1%84%8E%E1%85%B3-p00794390.html,t-shirts
#0a0a0a,크림 | 6224/357/712,HARRY LAMBERT FOR ZARA X DISNEY 텍스트 티셔츠,크롭핏 티셔츠. 라운드넥 긴소매. 대비되는 벨벳 질감의 앞면 텍스트 프린트.Harry Lambert for Zara x Disney 스페셜 콜라보레이션.,20,https://static.zara.net/assets/public/a415/6f45/d2e54682aef0/83cca746f288/06224357712-e1/06224357712-e1.jpg?ts=1755766615202&w=1024,Deep Autumn,"₩ 59,900",https://www.zara.com/kr/ko/harry-lambert-for-zara-x-disney-%E1%84%90%E1%85%A6%E1%86%A8%E1%84%89%E1%85%B3%E1%84%90%E1%85%B3-%E1%84%90%E1%85%B5%E1%84%89%E1%85%A7%E1%84%8E%E1%85%B3-p06224357.html,t-shirts
#0a0a0a,블랙 | 7563/306/800,SR_A 콜라보 카고 팬츠,트윌 구조의 면 소재로 제조된 릴렉스핏 팬츠. 끈과 옆면 벨트 고리로 핏 조절이 가능한 신축성 있는 허리. 앞면 포켓과 플랩이 달린 뒷면 패치 포켓 디테일. 다리 부분에 플랩 패치 포켓 아플리케가 매치됨. 안쪽 옆면 끈으로 핏 조절이 가능한 밑단. 앞면 지퍼 여밈. 다리 부분에 로고 아플리케가 매치됨.릴렉스 핏을 원하시면 평소 사이즈를 선택하세요.피티드한 핏을 원하시면 한 사이즈 작게 선택하세요.매우 피티드한 핏을 원하시면 두 사이즈 작게 선택하세요.,21,https://static.zara.net/assets/public/3690/95fe/783b4185bafd/abb0470dd932/07563306800-e1/07563306800-e1.jpg?ts=1760438408820&w=1024,Deep Autumn,"₩ 139,900",https://www.zara.com/kr/ko/sr-a-%E1%84%8F%E1%85%A9%E1%86%AF%E1%84%85%E1%85%A1%E1%84%87%E1%85%A9-%E1%84%8F%E1%85%A1%E1%84%80%E1%85%A9-%E1%84%91%E1%85%A2%E1%86%AB%E1%84%8E%E1%85%B3-p07563306.html,trousers
#0a0a0a,그레이 | 4696/313/803,니트 와이드핏 팬츠,면 혼방 원사로 촘촘하게 짜인 니트 와이드핏 팬츠. 끈으로 핏 조절이 가능한 신축성 있는 허리 디자인. 양 옆면 포켓. 골지 마감 밑단.,22,https://static.zara.net/assets/public/f2cb/a67b/893d450c9d01/36f42e0ea71c/04696313803-e1/04696313803-e1.jpg?ts=1758547967613&w=1024,Deep Autumn,"₩ 79,900",https://www.zara.com/kr/ko/%E1%84%82%E1%85%B5%E1%84%90%E1%85%B3-%E1%84%8B%E1%85%AA%E1%84%8B%E1%85%B5%E1%84%83%E1%85%B3%E1%84%91%E1%85%B5%E1%86%BA-%E1%84%91%E1%85%A2%E1%86%AB%E1%84%8E%E1%85%B3-p04696313.html,trousers
#0a0a0a,라이트 베이지 | 0761/440/052,와이드핏 조거 팬츠,안감 수건감 면 소재로 제작된 와이드핏 조거 팬츠. 넓은 바짓단. 안쪽 드로스트링으로 조절 가능한 신축성 있는 허리. 옆면 포켓과 뒷면 패치 포켓 디테일.,23,https://static.zara.net/assets/public/9446/343e/27cc4ed6b992/7ac5c38f7fb3/00761371052-e1/00761371052-e1.jpg?ts=1761572537696&w=1024,Deep Autumn,"₩ 55,900",https://www.zara.com/kr/ko/%E1%84%8B%E1%85%AA%E1%84%8B%E1%85%B5%E1%84%83%E1%85%B3%E1%84%91%E1%85%B5%E1%86%BA-%E1%84%8C%E1%85%A9%E1%84%80%E1%85%A5-%E1%84%91%E1%85%A2%E1%86%AB%E1%84%8E%E1%85%B3-p00761440.html,trousers
#0a0a0a,브라운 | 5800/044/700,LIMITED EDITION 울 체크 수트 팬츠,"울 소재 릴랙스핏 팬츠. 같은 소재의 벨트로 옆면에서 허리 조절 가능. 앞면 플리츠 디테일. 앞면 포켓과 더블 파이핑 처리된 뒷면 포켓 디테일. 앞면 지퍼, 히든 메탈 후크, 버튼 여밈.",24,https://static.zara.net/assets/public/1b5f/f2d2/9ffd49d194c2/fc292f872c14/05800044700-e1/05800044700-e1.jpg?ts=1760356471568&w=1024,Deep Autumn,"₩ 329,900",https://www.zara.com/kr/ko/limited-edition-%E1%84%8B%E1%85%AE%E1%86%AF-%E1%84%8E%E1%85%A6%E1%84%8F%E1%85%B3-%E1%84%89%E1%85%AE%E1%84%90%E1%85%B3-%E1%84%91%E1%85%A2%E1%86%AB%E1%84%8E%E1%85%B3-p05800044.html,trousers
#4e3b24,다크 블루 | 3692/300/422,레귤러핏 코듀로이 팬츠,코튼 코듀로이 소재의 레귤러핏 팬츠. 5개의 포켓. 앞면 지퍼와 버튼 여밈.Origins 스페셜 컬렉션.,25,https://static.zara.net/assets/public/cfd9/facb/fdd54a338381/38d6ed8fc19b/03692300422-e1/03692300422-e1.jpg?ts=1760600018825&w=1024,Deep Autumn,"₩ 109,900",https://www.zara.com/kr/ko/%E1%84%85%E1%85%A6%E1%84%80%E1%85%B2%E1%86%AF%E1%84%85%E1%85%A5%E1%84%91%E1%85%B5%E1%86%BA-%E1%84%8F%E1%85%A9%E1%84%83%E1%85%B2%E1%84%85%E1%85%A9%E1%84%8B%E1%85%B5-%E1%84%91%E1%85%A2%E1%86%AB%E1%84%8E%E1%85%B3-p03692300.html,trousers
#0a0a0a,토프 그레이 | 2097/620/131,LTHR BTS,고품질 가죽 소재 레이스업 부츠. 매끈한 갑피. 가죽 소재 안감과 안창. 라운드 토. 볼륨감 있는 배색 트랙솔 밑창.,27,https://static.zara.net/assets/public/8b9b/60d9/35974424851d/19d83f61a18b/12097620131-e1/12097620131-e1.jpg?ts=1761659840720&w=1024,Deep Autumn,"₩ 369,900",https://www.zara.com/kr/ko/lthr-bts-p12097620.html,shoes
#0a0a0a,브라운 | 2702/520/700,크로스 샌들,발등장식에 크로스 스트랩 두 개가 있는 샌들. 착용감과 편안함을 높이기 위해 버클로 여미는 뒤꿈치 스트랩이 있습니다. 배색 밑창.,28,https://static.zara.net/assets/public/af01/dba7/38d943928606/549171172da5/12702520700-e2/12702520700-e2.jpg?ts=1738149386983&w=1024,Deep Autumn,"₩ 55,900",https://www.zara.com/kr/ko/%E1%84%8F%E1%85%B3%E1%84%85%E1%85%A9%E1%84%89%E1%85%B3-%E1%84%89%E1%85%A2%E1%86%AB%E1%84%83%E1%85%B3%E1%86%AF-p12702520.html,shoes
#0a0a0a,블랙 | 2041/620/800,카우보이 부츠,카우보이 스타일 부츠. 매끄러운 외피. 옆면 지퍼로 조절 가능. 뒤꿈치 풀탭 디테일. 스퀘어 토 마감. 굽 높이: 4cm.,29,https://static.zara.net/assets/public/5dfd/94d9/8db64df0844f/6628c769f1eb/12041620800-e2/12041620800-e2.jpg?ts=1761822546852&w=1024,Deep Autumn,"₩ 99,900",https://www.zara.com/kr/ko/%E1%84%8F%E1%85%A1%E1%84%8B%E1%85%AE%E1%84%87%E1%85%A9%E1%84%8B%E1%85%B5-%E1%84%87%E1%85%AE%E1%84%8E%E1%85%B3-p12041620.html,shoes
#0a0a0a,블랙 | 2700/520/800,더블 스트랩 샌들,버클 잠금식 발등 부분에 와이드 스트랩 두 개가 있는 샌들. 해부학적 구둣골을 갖춘 깔창. 플랫 밑창.,30,https://static.zara.net/assets/public/d5ca/3174/f028471f8c63/7f188f9e30ae/12700520800-e2/12700520800-e2.jpg?ts=1731063100559&w=1024,Deep Autumn,"₩ 55,900",https://www.zara.com/kr/ko/%E1%84%83%E1%85%A5%E1%84%87%E1%85%B3%E1%86%AF-%E1%84%89%E1%85%B3%E1%84%90%E1%85%B3%E1%84%85%E1%85%A2%E1%86%B8-%E1%84%89%E1%85%A2%E1%86%AB%E1%84%83%E1%85%B3%E1%86%AF-p12700520.html,shoes
#2c3237,브라운 | 4092/364/700,LIMITED EDITION 버튼 라운드넥 티셔츠,릴랙스 핏 티셔츠. 앞면 버튼 여밈 라운드넥. 긴소매.,31,https://static.zara.net/assets/public/e796/984a/0ce842738164/072e9c10b408/04092364700-e1/04092364700-e1.jpg?ts=1761203258244&w=1024,Deep Winter,"₩ 55,900",https://www.zara.com/kr/ko/limited-edition-%E1%84%87%E1%85%A5%E1%84%90%E1%85%B3%E1%86%AB-%E1%84%85%E1%85%A1%E1%84%8B%E1%85%AE%E1%86%AB%E1%84%83%E1%85%B3%E1%84%82%E1%85%A6%E1%86%A8-%E1%84%90%E1%85%B5%E1%84%89%E1%85%A7%E1%84%8E%E1%85%B3-p04092364.html,t-shirts
#3d3f3d,그레이 | 5644/374/802,워싱 와플 티셔츠,와플 구조의 면 원단으로 제작된 릴랙스 핏 티셔츠. 라운드넥과 립 마감 긴소매. 불규칙한 밑단. 워싱 처리.,32,https://static.zara.net/assets/public/a7e4/e981/46bc40cfb1b0/28c2485de89e/05644374802-e1/05644374802-e1.jpg?ts=1761214096779&w=1024,Deep Winter,"₩ 55,900",https://www.zara.com/kr/ko/%E1%84%8B%E1%85%AF%E1%84%89%E1%85%B5%E1%86%BC-%E1%84%8B%E1%85%AA%E1%84%91%E1%85%B3%E1%86%AF-%E1%84%90%E1%85%B5%E1%84%89%E1%85%A7%E1%84%8E%E1%85%B3-p05644374.html,t-shirts
#18191a,화이트 | 0722/302/250,릴렉스핏 탱크 티셔츠,릴렉스핏 탱크 티셔츠. 라운드넥 슬리브리스.,33,https://static.zara.net/assets/public/b796/6bee/f8bb4bccb1a5/ed63d137b2e6/00722302250-e1/00722302250-e1.jpg?ts=1748516463110&w=1024,Deep Winter,"₩ 45,900",https://www.zara.com/kr/ko/%E1%84%85%E1%85%B5%E1%86%AF%E1%84%85%E1%85%A6%E1%86%A8%E1%84%89%E1%85%B3%E1%84%91%E1%85%B5%E1%86%BA-%E1%84%90%E1%85%A2%E1%86%BC%E1%84%8F%E1%85%B3-%E1%84%90%E1%85%B5%E1%84%89%E1%85%A7%E1%84%8E%E1%85%B3-p00722302.html,t-shirts
#28333b,콜차르 | 6987/325/409,컬러 데님 셔츠,면 데님 소재로 제작된 릴렉스핏 셔츠입니다. 라펠 칼라에 버튼 커프스 마감 긴소매 디자인. 워싱 효과. 앞면 버튼 여밈.,34,https://static.zara.net/assets/public/ad1f/cc45/86b2456cadce/2efe4e3e8279/06987325409-e1/06987325409-e1.jpg?ts=1757584664978&w=1024,Deep Winter,"₩ 59,900",https://www.zara.com/kr/ko/%E1%84%8F%E1%85%A5%E1%86%AF%E1%84%85%E1%85%A5-%E1%84%83%E1%85%A6%E1%84%82%E1%85%B5%E1%86%B7-%E1%84%89%E1%85%A7%E1%84%8E%E1%85%B3-p06987325.html,shirts
#242526,네이비 | 5854/120/401,릴렉스핏 플루이드 셔츠,릴렉스핏 셔츠. 버튼이 달린 커프스 마감 라펠 칼라 긴소매 디자인. 앞면 버튼 여밈.,35,https://static.zara.net/assets/public/3eb6/4a42/5549440d9205/de9618314dd5/05854120401-e1/05854120401-e1.jpg?ts=1758552432063&w=1024,Deep Winter,"₩ 89,900",https://www.zara.com/kr/ko/%E1%84%85%E1%85%B5%E1%86%AF%E1%84%85%E1%85%A6%E1%86%A8%E1%84%89%E1%85%B3%E1%84%91%E1%85%B5%E1%86%BA-%E1%84%91%E1%85%B3%E1%86%AF%E1%84%85%E1%85%AE%E1%84%8B%E1%85%B5%E1%84%83%E1%85%B3-%E1%84%89%E1%85%A7%E1%84%8E%E1%85%B3-p05854120.html,shirts
#242524,블랙 | 5940/102/800,와이드핏 핀턱 팬츠,비스코스 소재로 제작된 와이드핏 팬츠. 하이 웨이스트. 앞면 핀턱 디테일이 있는 허리. 옆면 포켓과 파이핑 처리된 뒷면 포켓 디테일. 앞면 지퍼와 버튼 여밈.,36,https://static.zara.net/assets/public/a2e5/2239/2cf345208cef/43093d9053ac/05940102800-e1/05940102800-e1.jpg?ts=1756308175622&w=1024,Deep Winter,"₩ 89,900",https://www.zara.com/kr/ko/%E1%84%8B%E1%85%AA%E1%84%8B%E1%85%B5%E1%84%83%E1%85%B3%E1%84%91%E1%85%B5%E1%86%BA-%E1%84%91%E1%85%B5%E1%86%AB%E1%84%90%E1%85%A5%E1%86%A8-%E1%84%91%E1%85%A2%E1%86%AB%E1%84%8E%E1%85%B3-p05940102.html,trousers
#232524,콜 그레이 | 3692/302/807,SR_A 벨벳 밴드 팬츠,코튼 벨벳으로 제작된 릴랙스 핏 팬츠. 신축성 있는 허릿단과 끈으로 핏 조절 가능. 앞면 플리츠 디테일. 옆면 포켓과 뒷면 웰트 포켓 디테일. 배색 밴드 아플리케 디테일 다리. 밑단 안쪽 트임. 다리 부분에 로고 아플리케.릴랙스 핏을 원하시면 평소 사이즈를 선택하세요.피티드한 핏을 원하시면 한 사이즈 작게 선택하세요.매우 피티드한 핏을 원하시면 두 사이즈 작게 선택하세요.,37,https://static.zara.net/assets/public/0de5/9dbe/779a426c999e/a8f9a616c845/03692302807-e1/03692302807-e1.jpg?ts=1761817048106&w=1024,Deep Winter,"₩ 139,900",https://www.zara.com/kr/ko/sr-a-%E1%84%87%E1%85%A6%E1%86%AF%E1%84%87%E1%85%A6%E1%86%BA-%E1%84%87%E1%85%A2%E1%86%AB%E1%84%83%E1%85%B3-%E1%84%91%E1%85%A2%E1%86%AB%E1%84%8E%E1%85%B3-p03692302.html,trousers
#080a0e,그레이 베이지 | 0706/648/720,컴포트 스트럭처 팬츠,양 방향 신축성이 뛰어난 소재로 제작한 슬림핏 팬츠. 앞면 포켓과 버튼이 달린 뒷면 파이핑 포켓. 앞면 지퍼와 버튼으로 여밈.,38,https://static.zara.net/assets/public/6a93/9345/8f5e45d6a5d3/4abef79dc85c/00706648720-000-e1/00706648720-000-e1.jpg?ts=1754985828621&w=1024,Deep Winter,"₩ 59,900",https://www.zara.com/kr/ko/%E1%84%8F%E1%85%A5%E1%86%B7%E1%84%91%E1%85%A9%E1%84%90%E1%85%B3-%E1%84%89%E1%85%B3%E1%84%90%E1%85%B3%E1%84%85%E1%85%A5%E1%86%A8%E1%84%8E%E1%85%A5-%E1%84%91%E1%85%A2%E1%86%AB%E1%84%8E%E1%85%B3-p00706648.html,trousers
#242526,다크 브라운 | 1732/309/716,하이테크 벨트 팬츠,사방 스트레치 기능성 소재로 제작된 슬림핏 스포츠 팬츠.- 벨트로 핏 조절이 가능한 신축성 있는 허리 부분.- 지퍼로 여미는 히든 플라스트롱 앞면 포켓. - 지퍼로 여미는 히든 뒷면 포켓.- 지퍼와 스냅 버튼으로 된 앞면 여밈.Zara Athleticz.,39,https://static.zara.net/assets/public/d993/c83a/80cb4bc58f5a/54153d0723b1/01732309716-e1/01732309716-e1.jpg?ts=1759160377239&w=1024,Deep Winter,"₩ 99,900",https://www.zara.com/kr/ko/%E1%84%92%E1%85%A1%E1%84%8B%E1%85%B5%E1%84%90%E1%85%A6%E1%84%8F%E1%85%B3-%E1%84%87%E1%85%A6%E1%86%AF%E1%84%90%E1%85%B3-%E1%84%91%E1%85%A2%E1%86%AB%E1%84%8E%E1%85%B3-p01732309.html,trousers
#d2dbde,네이비 | 6746/638/401,100% 울 스트럭처 팬츠,스트럭처 디테일의 울 소재 레귤러핏 팬츠. 앞면 플리츠 디테일 허리. 앞면 포켓과 뒷면 파이핑 포켓. 앞면 지퍼와 버튼 여밈.,40,https://static.zara.net/assets/public/a6fd/7101/038f4dcb9987/78f6b7b03059/06895638401-e1/06895638401-e1.jpg?ts=1761227888688&w=1024,Deep Winter,"₩ 109,900",https://www.zara.com/kr/ko/100-%E1%84%8B%E1%85%AE%E1%86%AF-%E1%84%89%E1%85%B3%E1%84%90%E1%85%B3%E1%84%85%E1%85%A5%E1%86%A8%E1%84%8E%E1%85%A5-%E1%84%91%E1%85%A2%E1%86%AB%E1%84%8E%E1%85%B3-p06746638.html,trousers
#0a0a0a,2375/621/725,나일론 리미티드 에디션 스니커즈,레트로 스타일 레이스업 스니커즈. 테크니컬 패브릭 소재 갑피와 스웨이드 마감 가죽 디테일. 대비되는 디테일의 그립솔 밑창.,41,https://static.zara.net/assets/public/3770/f04b/1adc49b9892a/b1322d14b0b2/12375621725-e2/12375621725-e2.jpg?ts=1761037620891&w=1024,Deep Winter,"₩ 89,900",https://www.zara.com/kr/ko/%E1%84%82%E1%85%A1%E1%84%8B%E1%85%B5%E1%86%AF%E1%84%85%E1%85%A9%E1%86%AB-%E1%84%85%E1%85%B5%E1%84%86%E1%85%B5%E1%84%90%E1%85%B5%E1%84%83%E1%85%B3-%E1%84%8B%E1%85%A6%E1%84%83%E1%85%B5%E1%84%89%E1%85%A7%E1%86%AB-%E1%84%89%E1%85%B3%E1%84%82%E1%85%B5%E1%84%8F%E1%85%A5%E1%84%8C%E1%85%B3-p12375621.html,shoes
#0a0a0a,브라운 | 2064/620/700,버클 가죽 부츠 한정판,빈티지 마감 가죽 부츠. 옆면 버클 스트랩으로 조절 가능. 가죽 안감 안창. 사각 토. 대비되는 밑창과 낮은 굽. 한정판.,42,https://static.zara.net/assets/public/5f39/165f/cc184d9b9108/c64bd1768b91/12064620700-e2/12064620700-e2.jpg?ts=1758703395105&w=1024,Deep Winter,"₩ 259,900",https://www.zara.com/kr/ko/%E1%84%87%E1%85%A5%E1%84%8F%E1%85%B3%E1%86%AF-%E1%84%80%E1%85%A1%E1%84%8C%E1%85%AE%E1%86%A8-%E1%84%87%E1%85%AE%E1%84%8E%E1%85%B3-%E1%84%92%E1%85%A1%E1%86%AB%E1%84%8C%E1%85%A5%E1%86%BC%E1%84%91%E1%85%A1%E1%86%AB-p12064620.html,shoes
#0a0a0a,블랙 | 2212/720/800,농구화,레이스업 스니커즈. 여러 조각을 조합하여 제작된 갑피. 볼륨 있는 밑창.,43,https://static.zara.net/assets/public/e608/3cc2/c31c46628ba8/7866215ad6b0/12212720800-e2/12212720800-e2.jpg?ts=1761123796961&w=1500,Deep Winter,"₩ 59,900",https://www.zara.com/kr/ko/%E1%84%82%E1%85%A9%E1%86%BC%E1%84%80%E1%85%AE%E1%84%92%E1%85%AA-p12212720.html,shoes
#0a0a0a,그린 | 2795/620/500,LTHR CLGS,,44,https://static.zara.net/assets/public/fa5b/ab60/31ed4c4c8f42/9b82cc4eafa2/12795620500-e1/12795620500-e1.jpg?ts=1761659844757&w=1024,Deep Winter,"₩ 209,900",https://www.zara.com/kr/ko/lthr-clgs-p12795620.html,shoes
#0a0a0a,토프 그레이 | 2005/620/131,레더 부츠,로우컷 레이스업 부츠. 갑피는 스웨이드 마감 처리된 가죽 소재. 라운드 토. 배색된 낮은 굽 밑창.,45,https://static.zara.net/assets/public/d2a7/b07f/9100410c8b49/ac0349d6013e/12005620131-e2/12005620131-e2.jpg?ts=1755598940519&w=1024,Deep Winter,"₩ 99,900",https://www.zara.com/kr/ko/%E1%84%85%E1%85%A6%E1%84%83%E1%85%A5-%E1%84%87%E1%85%AE%E1%84%8E%E1%85%B3-p12005620.html,shoes
#c2c6bb,블랙 | 3992/405/800,스트럭처 릴렉스핏 티셔츠,릴렉스핏 티셔츠. 라운드넥 반소매.,46,https://static.zara.net/assets/public/3203/e00c/956f4e90917a/f2c1afb2ed19/03992405800-e1/03992405800-e1.jpg?ts=1736779489113&w=1024,Light Spring,"₩ 49,900",https://www.zara.com/kr/ko/%E1%84%89%E1%85%B3%E1%84%90%E1%85%B3%E1%84%85%E1%85%A5%E1%86%A8%E1%84%8E%E1%85%A5-%E1%84%85%E1%85%B5%E1%86%AF%E1%84%85%E1%85%A6%E1%86%A8%E1%84%89%E1%85%B3%E1%84%91%E1%85%B5%E1%86%BA-%E1%84%90%E1%85%B5%E1%84%89%E1%85%A7%E1%84%8E%E1%85%B3-p03992405.html,t-shirts
#fff5e3,화이트 | 5644/385/250,경량 롱 슬리브 티셔츠,리넨 18% 혼방 소재로 제작된 릴렉스핏 티셔츠. 라운드넥 긴소매.,47,https://static.zara.net/assets/public/0bf8/44a0/c0ae4193821c/d71eb3405c13/05644385250-e1/05644385250-e1.jpg?ts=1759760398243&w=1024,Light Spring,"₩ 55,900",https://www.zara.com/kr/ko/%E1%84%80%E1%85%A7%E1%86%BC%E1%84%85%E1%85%A3%E1%86%BC-%E1%84%85%E1%85%A9%E1%86%BC-%E1%84%89%E1%85%B3%E1%86%AF%E1%84%85%E1%85%B5%E1%84%87%E1%85%B3-%E1%84%90%E1%85%B5%E1%84%89%E1%85%A7%E1%84%8E%E1%85%B3-p05644385.html,t-shirts
#d2becf,블루 / 네이비 | 5917/117/073,워싱 스트라이프 셔츠,레귤러 핏 셔츠. 라펠 칼라에 버튼이 달린 커프스 마감 긴소매 디자인. 가슴 부분 패치 포켓. 워싱 효과. 앞면 버튼 여밈.,48,https://static.zara.net/assets/public/529f/052c/72a74cd19c01/b3fd13a551e8/05917117073-e1/05917117073-e1.jpg?ts=1757325053733&w=1024,Light Spring,"₩ 79,900",https://www.zara.com/kr/ko/%E1%84%8B%E1%85%AF%E1%84%89%E1%85%B5%E1%86%BC-%E1%84%89%E1%85%B3%E1%84%90%E1%85%B3%E1%84%85%E1%85%A1%E1%84%8B%E1%85%B5%E1%84%91%E1%85%B3-%E1%84%89%E1%85%A7%E1%84%8E%E1%85%B3-p05917117.html,shirts
#f6f6f6,블루 /화이트 | 1063/305/044,리넨-코튼 셔츠,리넨과 면 혼방 소재 릴렉스핏 셔츠. 버튼이 달린 커프스 마감 긴소매와 버튼이 달린 칼라 디자인. 가슴 부분 패치 포켓. 앞면 버튼 여밈.,49,https://static.zara.net/assets/public/f150/40b6/a0ed4ff686d8/af776c825a9b/01063305044-000-e1/01063305044-000-e1.jpg?ts=1754985844362&w=1024,Light Spring,"₩ 59,900",https://www.zara.com/kr/ko/%E1%84%85%E1%85%B5%E1%84%82%E1%85%A6%E1%86%AB-%E1%84%8F%E1%85%A9%E1%84%90%E1%85%B3%E1%86%AB-%E1%84%89%E1%85%A7%E1%84%8E%E1%85%B3-p01063305.html,shirts
#f0efee,화이트 | 7545/710/250,EASY CARE 스트럭처 셔츠,일상적인 관리가 용이한 소재로 제작된 셔츠입니다.레귤러 핏. 이탈리안 칼라에 버튼 커프스 마감 긴소매 디자인. 앞면 버튼 여밈.,50,https://static.zara.net/assets/public/78aa/fa9e/301b44e58485/e2a16dff613c/07545710250-000-e1/07545710250-000-e1.jpg?ts=1754985916770&w=1024,Light Spring,"₩ 55,900",https://www.zara.com/kr/ko/easy-care-%E1%84%89%E1%85%B3%E1%84%90%E1%85%B3%E1%84%85%E1%85%A5%E1%86%A8%E1%84%8E%E1%85%A5-%E1%84%89%E1%85%A7%E1%84%8E%E1%85%B3-p07545710.html,shirts
#a8a49b,터키블루 | 0722/329/402,SR_A 와이드핏 조거 팬츠,"수건감 안감의 컴팩트 코튼 소재 와이드핏 조거 팬츠. 와이드 레그. 허리 부분에서 끈으로 핏 조절이 가능한 신축성 있는 허릿단. 앞면 포켓과 뒷면 파이핑 포켓 디테일. 불규칙한 효과 마감. 안쪽에 트임이 있는 밑단. 다리 부분에 로고 아플리케. 릴랙스 핏을 원하시면, 평소 사이즈를 선택하세요.피티드한 핏을 원하시면, 한 사이즈 작게 선택하세요.엑스트라 피티드한 핏을 원하시면, 두 사이즈 작게 선택하세요.",51,https://static.zara.net/assets/public/2719/e628/e5d64d68838b/68936f297d3d/00722329402-e1/00722329402-e1.jpg?ts=1760439325917&w=1024,Light Spring,"₩ 109,900",https://www.zara.com/kr/ko/sr-a-%E1%84%8B%E1%85%AA%E1%84%8B%E1%85%B5%E1%84%83%E1%85%B3%E1%84%91%E1%85%B5%E1%86%BA-%E1%84%8C%E1%85%A9%E1%84%80%E1%85%A5-%E1%84%91%E1%85%A2%E1%86%AB%E1%84%8E%E1%85%B3-p00722329.html,trousers
#6b563e,베이지 | 6786/370/710,스키니핏 치노 팬츠,면 혼방 신축성 소재로 제작된 스키니핏 팬츠. 앞면 포켓과 뒤쪽 파이핑 포켓 디테일. 앞면 지퍼와 버튼 여밈.,52,https://static.zara.net/assets/public/a0d3/1754/834540f6b75f/d734605d1cdf/06786370710-000-e1/06786370710-000-e1.jpg?ts=1757499668307&w=1024,Light Spring,"₩ 55,900",https://www.zara.com/kr/ko/%E1%84%89%E1%85%B3%E1%84%8F%E1%85%B5%E1%84%82%E1%85%B5%E1%84%91%E1%85%B5%E1%86%BA-%E1%84%8E%E1%85%B5%E1%84%82%E1%85%A9-%E1%84%91%E1%85%A2%E1%86%AB%E1%84%8E%E1%85%B3-p06786370.html,trousers
#0a0a0a,로즈핑크 / 화이트 | 6045/720/046,PNK DNM,전체 레그 라인이 매우 여유로운 핏. 미드라이즈. 탄탄한 소재. 코튼 데님 소재의 와이드 릴렉스핏 진. 동일한 소재의 벨트로 조절 가능한 허리. 앞면 포켓과 허리 측면 포켓 디테일. 배색 테이프 디테일의 뒷면 패치 포켓. 워싱 이펙트. 앞면 지퍼와 버튼 여밈.,53,https://static.zara.net/assets/public/4110/e436/f84341b3908a/d3b9b718dd3d/06045720046-e1/06045720046-e1.jpg?ts=1761659795761&w=1024,Light Spring,"₩ 139,900",https://www.zara.com/kr/ko/pnk-dnm-p06045720.html,trousers
#0a0a0a,브라운 | 5747/557/700,울 수트 팬츠,울 혼방 소재로 제작된 슬림핏 팬츠. 앞면 포켓과 버튼이 달린 뒷면 더블 파이핑 포켓 디테일. 앞면 지퍼와 버튼 여밈.,54,https://static.zara.net/assets/public/0240/a74c/d99e4458a3d0/9fd21cb3db90/05747557700-e1/05747557700-e1.jpg?ts=1758194235410&w=1024,Light Spring,"₩ 89,900",https://www.zara.com/kr/ko/%E1%84%8B%E1%85%AE%E1%86%AF-%E1%84%89%E1%85%AE%E1%84%90%E1%85%B3-%E1%84%91%E1%85%A2%E1%86%AB%E1%84%8E%E1%85%B3-p05747557.html,trousers
#191917,블랙 | 4087/356/800,레귤러 핏 조거 팬츠,수건감 안감의 콤팩트한 면 소재 조거 팬츠. 핏 조절 가능한 신축성 있는 허릿단. 앞면 포켓과 파이핑 처리된 뒷면 포켓 디테일.스페셜 컬렉션 오리진스.,55,https://static.zara.net/assets/public/9e6a/98ff/aa7646f1bf3a/74cafe9c1004/04087356800-e1/04087356800-e1.jpg?ts=1756742022381&w=1024,Light Spring,"₩ 89,900",https://www.zara.com/kr/ko/%E1%84%85%E1%85%A6%E1%84%80%E1%85%B2%E1%86%AF%E1%84%85%E1%85%A5-%E1%84%91%E1%85%B5%E1%86%BA-%E1%84%8C%E1%85%A9%E1%84%80%E1%85%A5-%E1%84%91%E1%85%A2%E1%86%AB%E1%84%8E%E1%85%B3-p04087356.html,trousers
#0a0a0a,블랙 | 2460/620/800,볼륨 슈즈,더비 스타일 드레스 슈즈. 심플한 갑피. 스퀘어 토. 볼륨 있는 밑창.,56,https://static.zara.net/assets/public/634e/33dd/15094c92823d/d1db622d5b3a/12460620800-e2/12460620800-e2.jpg?ts=1760365162337&w=1500,Light Spring,"₩ 99,900",https://www.zara.com/kr/ko/%E1%84%87%E1%85%A9%E1%86%AF%E1%84%85%E1%85%B2%E1%86%B7-%E1%84%89%E1%85%B2%E1%84%8C%E1%85%B3-p12460620.html,shoes
#0a0a0a,블랙 | 2639/620/800,페니 레더 로퍼,드레스 로퍼. 가죽 갑피. 발등에 페니 디테일. 가벼운 힐과 어울리는 밑창.,57,https://static.zara.net/assets/public/c0ba/59f4/28a44c80be52/f0f63682e9d7/12639620800-e2/12639620800-e2.jpg?ts=1755763397207&w=1024,Light Spring,"₩ 99,900",https://www.zara.com/kr/ko/%E1%84%91%E1%85%A6%E1%84%82%E1%85%B5-%E1%84%85%E1%85%A6%E1%84%83%E1%85%A5-%E1%84%85%E1%85%A9%E1%84%91%E1%85%A5-p12639620.html,shoes
#0a0a0a,브라운 | 2418/620/700,메탈 후크 레더 슈즈,트레킹 스타일 레이스업 슈즈. 스웨이드 마감 가죽 소재 갑피. 메탈 후크 디테일. 볼륨감 있는 밑창에 콘트라스트 디테일.,58,https://static.zara.net/assets/public/0e92/a2be/48324e5098da/13078e0f628e/12418620700-e2/12418620700-e2.jpg?ts=1756826188497&w=1024,Light Spring,"₩ 99,900",https://www.zara.com/kr/ko/%E1%84%86%E1%85%A6%E1%84%90%E1%85%A1%E1%86%AF-%E1%84%92%E1%85%AE%E1%84%8F%E1%85%B3-%E1%84%85%E1%85%A6%E1%84%83%E1%85%A5-%E1%84%89%E1%85%B2%E1%84%8C%E1%85%B3-p12418620.html,shoes
#0a0a0a,멀티컬러 | 2277/620/202,레더 스니커즈 X SR_A,가죽 소재의 레이스업 스니커즈. 다양한 소재와 퍼 디테일의 조합. 매우 얇은 톱니 모양 밑창.,59,https://static.zara.net/assets/public/6082/80c1/eac14e3880c3/68dfd142dc0c/12277620202-e2/12277620202-e2.jpg?ts=1760973078788&w=1024,Light Spring,"₩ 189,900",https://www.zara.com/kr/ko/%E1%84%85%E1%85%A6%E1%84%83%E1%85%A5-%E1%84%89%E1%85%B3%E1%84%82%E1%85%B5%E1%84%8F%E1%85%A5%E1%84%8C%E1%85%B3-x-sr-a-p12277620.html,shoes
#423e33,화이트 | 2314/620/001,러닝 스니커즈,"일상 및 가벼운 러닝용 스포츠 러닝화입니다.- 통기성 좋은 니트웨어 갑피.- 마모를 방지하는 Shield Protect Max 소재로 덮인 토캡 및 굽 부분.- 끈으로 조절하는 디자인.- 신고 벗기 편하도록 뒷면에 풀 탭이 있습니다.- 탈착식 OrthoLite® 안창.- 가벼움, 편안함 및 반동을 보장하는 Spume Foam V3 기술이 적용된 중창.- 고무 구두창.Zara Athleticz.",60,https://static.zara.net/assets/public/267b/f162/16df45f78662/7ef9ffc8dc72/12314620001-e2/12314620001-e2.jpg?ts=1753774095092&w=1024,Light Spring,"₩ 89,900",https://www.zara.com/kr/ko/%E1%84%85%E1%85%A5%E1%84%82%E1%85%B5%E1%86%BC-%E1%84%89%E1%85%B3%E1%84%82%E1%85%B5%E1%84%8F%E1%85%A5%E1%84%8C%E1%85%B3-p12314620.html,shoes
#f4f6fa,화이트 | 1887/455/250,헤비웨이트 레귤러핏 티셔츠,콤팩트 코튼 소재의 레귤러핏 티셔츠. 라운드넥 반소매 디자인.베이직 미디엄 웨이트 모델보다 두꺼운 소재.,61,https://static.zara.net/assets/public/2f4b/63dc/55004867b8cf/44f7ef1ba770/01887455250-e1/01887455250-e1.jpg?ts=1739197155173&w=1024,Light Summer,"₩ 35,900",https://www.zara.com/kr/ko/%E1%84%92%E1%85%A6%E1%84%87%E1%85%B5%E1%84%8B%E1%85%B0%E1%84%8B%E1%85%B5%E1%84%90%E1%85%B3-%E1%84%85%E1%85%A6%E1%84%80%E1%85%B2%E1%86%AF%E1%84%85%E1%85%A5%E1%84%91%E1%85%B5%E1%86%BA-%E1%84%90%E1%85%B5%E1%84%89%E1%85%A7%E1%84%8E%E1%85%B3-p01887455.html,t-shirts
#f6f5fa,화이트 | 4087/344/250,80년대 핏 한정판 티셔츠,소매 기장이 살짝 짧은 레귤러핏 티셔츠. 라운드넥 반소매 디자인. 가슴 부분 패치 포켓.,62,https://static.zara.net/assets/public/62c0/aa8a/c4dd440395c6/cc039ec9d7f2/04087344250-e1/04087344250-e1.jpg?ts=1758640384767&w=1024,Light Summer,"₩ 45,900",https://www.zara.com/kr/ko/80%E1%84%82%E1%85%A7%E1%86%AB%E1%84%83%E1%85%A2-%E1%84%91%E1%85%B5%E1%86%BA-%E1%84%92%E1%85%A1%E1%86%AB%E1%84%8C%E1%85%A5%E1%86%BC%E1%84%91%E1%85%A1%E1%86%AB-%E1%84%90%E1%85%B5%E1%84%89%E1%85%A7%E1%84%8E%E1%85%B3-p04087344.html,t-shirts
#f3f7f4,화이트 | 0722/451/250,탱크 릴렉스핏 티셔츠,릴렉스핏 티셔츠. 라운드넥 슬리브리스 디자인. 워싱 처리.,63,https://static.zara.net/assets/public/5dca/471a/37194517bda4/57f26e7c36ef/00722451250-e1/00722451250-e1.jpg?ts=1736955830344&w=1024,Light Summer,"₩ 35,900",https://www.zara.com/kr/ko/%E1%84%90%E1%85%A2%E1%86%BC%E1%84%8F%E1%85%B3-%E1%84%85%E1%85%B5%E1%86%AF%E1%84%85%E1%85%A6%E1%86%A8%E1%84%89%E1%85%B3%E1%84%91%E1%85%B5%E1%86%BA-%E1%84%90%E1%85%B5%E1%84%89%E1%85%A7%E1%84%8E%E1%85%B3-p00722451.html,t-shirts
#beeef0,터키블루 | 5584/300/402,비스코스-리넨 티셔츠,비스코스 및 리넨 소재로 제작된 릴렉스핏 티셔츠입니다. 라운드넥 긴소매 디자인입니다.,64,https://static.zara.net/assets/public/df37/5aed/30364a268d95/d17ce8547f57/05584300402-e1/05584300402-e1.jpg?ts=1747756122352&w=1024,Light Summer,"₩ 55,900",https://www.zara.com/kr/ko/%E1%84%87%E1%85%B5%E1%84%89%E1%85%B3%E1%84%8F%E1%85%A9%E1%84%89%E1%85%B3-%E1%84%85%E1%85%B5%E1%84%82%E1%85%A6%E1%86%AB-%E1%84%90%E1%85%B5%E1%84%89%E1%85%A7%E1%84%8E%E1%85%B3-p05584300.html,t-shirts
#f2f6ff,브라운 | 3715/707/700,체크 코듀로이 셔츠,코튼 코듀로이 소재로 제작된 릴렉스핏 셔츠. 라펠 칼라와 버튼 커프스 마감 긴소매. 가슴 부분 패치 포켓. 워싱 효과. 앞면 버튼 여밈.,65,https://static.zara.net/assets/public/6041/5a55/f79e48e4965c/09e92e23c683/03715707700-e1/03715707700-e1.jpg?ts=1759135608685&w=1280,Light Summer,"₩ 89,900",https://www.zara.com/kr/ko/%E1%84%8E%E1%85%A6%E1%84%8F%E1%85%B3-%E1%84%8F%E1%85%A9%E1%84%83%E1%85%B2%E1%84%85%E1%85%A9%E1%84%8B%E1%85%B5-%E1%84%89%E1%85%A7%E1%84%8E%E1%85%B3-p03715707.html,shirts
#3e4241,브라운 | 3443/336/700,워시드 릴렉스핏 조거 팬츠,플러시 안감을 더한 면 소재로 제작된 릴렉스핏 조거 팬츠. 안쪽 스트링으로 조절 가능한 신축성 허리. 앞면 포켓과 뒷면 패치 포켓 디테일. 워싱 이펙트.특별한 워싱 공정으로 독특한 외관을 자랑하는 제품입니다. 따라서 실제 색상은 사진과 약간의 차이가 있을 수 있습니다.,66,https://static.zara.net/assets/public/7bb8/31ba/138f4784bf8e/c633ec4449f6/03443336700-e1/03443336700-e1.jpg?ts=1756308177048&w=1280,Light Summer,"₩ 59,900",https://www.zara.com/kr/ko/%E1%84%8B%E1%85%AF%E1%84%89%E1%85%B5%E1%84%83%E1%85%B3-%E1%84%85%E1%85%B5%E1%86%AF%E1%84%85%E1%85%A6%E1%86%A8%E1%84%89%E1%85%B3%E1%84%91%E1%85%B5%E1%86%BA-%E1%84%8C%E1%85%A9%E1%84%80%E1%85%A5-%E1%84%91%E1%85%A2%E1%86%AB%E1%84%8E%E1%85%B3-p03443336.html,trousers
#0a0a0a,다크 그레이 | 4575/306/922,플리츠 카고 팬츠,면 소재로 제작된 와이드 핏 팬츠입니다. 앞면 허리 부분에 플리츠 디테일이 있습니다. 앞면 포켓과 뒷면 플랩 포켓 디테일. 다리 부분에 플랩 패치 포켓 장식. 워싱 효과. 앞면 지퍼와 버튼 여밈.,67,https://static.zara.net/assets/public/36c9/5709/52ad4cd6ba4f/9389724070f3/04575306922-e1/04575306922-e1.jpg?ts=1757582366328&w=1280,Light Summer,"₩ 89,900",https://www.zara.com/kr/ko/%E1%84%91%E1%85%B3%E1%86%AF%E1%84%85%E1%85%B5%E1%84%8E%E1%85%B3-%E1%84%8F%E1%85%A1%E1%84%80%E1%85%A9-%E1%84%91%E1%85%A2%E1%86%AB%E1%84%8E%E1%85%B3-p04575306.html,trousers
#0a0a0a,베이지 | 4391/307/710,스트레이트 핏 치노 팬츠,면 소재로 제작된 스트레이트 핏 팬츠. 옆면 조절 가능한 허리 밴드. 앞면 포켓과 뒷면 파이핑 포켓 디테일. 앞면 지퍼와 버튼 여밈.,68,https://static.zara.net/assets/public/b695/36f3/bcc348dcba70/a476e7bec1ae/04391307710-e1/04391307710-e1.jpg?ts=1756819418404&w=1280,Light Summer,"₩ 59,900",https://www.zara.com/kr/ko/%E1%84%89%E1%85%B3%E1%84%90%E1%85%B3%E1%84%85%E1%85%A6%E1%84%8B%E1%85%B5%E1%84%90%E1%85%B3-%E1%84%91%E1%85%B5%E1%86%BA-%E1%84%8E%E1%85%B5%E1%84%82%E1%85%A9-%E1%84%91%E1%85%A2%E1%86%AB%E1%84%8E%E1%85%B3-p04391307.html,trousers
#0a0a0a,블랙 | 0706/242/800,플리츠 와이드핏 팬츠,와이드핏 팬츠. 허리 부분에 더블 플리츠 디테일. 옆면 포켓과 파이핑 처리된 뒷면 포켓 디테일. 앞면 지퍼와 버튼 여밈.,69,https://static.zara.net/assets/public/be9b/322b/95844376840d/a1eddb16db1d/00706242800-e1/00706242800-e1.jpg?ts=1760449910614&w=1280,Light Summer,"₩ 109,900",https://www.zara.com/kr/ko/%E1%84%91%E1%85%B3%E1%86%AF%E1%84%85%E1%85%B5%E1%84%8E%E1%85%B3-%E1%84%8B%E1%85%AA%E1%84%8B%E1%85%B5%E1%84%83%E1%85%B3%E1%84%91%E1%85%B5%E1%86%BA-%E1%84%91%E1%85%A2%E1%86%AB%E1%84%8E%E1%85%B3-p00706242.html,trousers
#1a1a1a,네이비 | 6574/381/401,100% 울 수트 팬츠,울 소재로 제작된 레귤러 핏 팬츠입니다. 앞면 포켓과 버튼이 달린 뒷면 더블 웰트 포켓 디테일. 앞면 지퍼와 버튼으로 여미는 크로스 오버 디자인.,70,https://static.zara.net/assets/public/2f0c/125e/322743e4bea2/083651bb1ab6/06574381401-e1/06574381401-e1.jpg?ts=1757585130104&w=1280,Light Summer,"₩ 109,900",https://www.zara.com/kr/ko/100-%E1%84%8B%E1%85%AE%E1%86%AF-%E1%84%89%E1%85%AE%E1%84%90%E1%85%B3-%E1%84%91%E1%85%A2%E1%86%AB%E1%84%8E%E1%85%B3-p06574381.html,trousers
#0a0a0a,블랙 | 2490/620/800,리미티드 에디션 레더 데크 슈즈,데크 스타일 슈즈. 가죽 소재의 매끄러운 갑피. 발등 부분 코드 디테일. 가죽 소재 안감 및 안창. 스퀘어 토. 낮은 굽의 밑창.,71,https://static.zara.net/assets/public/ba4d/21c1/2a99429bb936/7a7dfee515fb/12490620800-e1/12490620800-e1.jpg?ts=1761225473720&w=710,Light Summer,"₩ 169,900",https://www.zara.com/kr/ko/%E1%84%85%E1%85%B5%E1%84%86%E1%85%B5%E1%84%90%E1%85%B5%E1%84%83%E1%85%B3-%E1%84%8B%E1%85%A6%E1%84%83%E1%85%B5%E1%84%89%E1%85%A7%E1%86%AB-%E1%84%85%E1%85%A6%E1%84%83%E1%85%A5-%E1%84%83%E1%85%A6%E1%84%8F%E1%85%B3-%E1%84%89%E1%85%B2%E1%84%8C%E1%85%B3-p12490620.html,shoes
#0a0a0a,블랙 | 2677/620/800,리미티드 에디션 레더 로퍼,가죽 로퍼. 발등 페니 로퍼 디테일. 굽이 낮은 동일 색상 밑창.,72,https://static.zara.net/assets/public/b3fb/279b/fb6f480ca22d/f0d2056b5418/12677620800-e1/12677620800-e1.jpg?ts=1759923519777&w=1280,Light Summer,"₩ 169,900",https://www.zara.com/kr/ko/%E1%84%85%E1%85%B5%E1%84%86%E1%85%B5%E1%84%90%E1%85%B5%E1%84%83%E1%85%B3-%E1%84%8B%E1%85%A6%E1%84%83%E1%85%B5%E1%84%89%E1%85%A7%E1%86%AB-%E1%84%85%E1%85%A6%E1%84%83%E1%85%A5-%E1%84%85%E1%85%A9%E1%84%91%E1%85%A5-p12677620.html,shoes
#0a0a0a,브라운 | 2678/620/700,리미티드 에디션 스웨이드 로퍼,드레스 로퍼. 스웨이드 마감 가죽 갑피. 발등 부분 페니 로퍼 디테일. 살짝 굽이 있는 배색 밑창.,73,https://static.zara.net/assets/public/ffd2/5ae7/214e461781ce/0e08c358b8e9/12678620700-e1/12678620700-e1.jpg?ts=1759935602641&w=1280,Light Summer,"₩ 169,900",https://www.zara.com/kr/ko/%E1%84%85%E1%85%B5%E1%84%86%E1%85%B5%E1%84%90%E1%85%B5%E1%84%83%E1%85%B3-%E1%84%8B%E1%85%A6%E1%84%83%E1%85%B5%E1%84%89%E1%85%A7%E1%86%AB-%E1%84%89%E1%85%B3%E1%84%8B%E1%85%B0%E1%84%8B%E1%85%B5%E1%84%83%E1%85%B3-%E1%84%85%E1%85%A9%E1%84%91%E1%85%A5-p12678620.html,shoes
#0a0a0a,샌드 브라운 | 2271/620/107,HARRY LAMBERT FOR ZARA X DISNEY 가죽 스니커즈,스웨이드 마감 가죽 소재 레이스업 스니커즈. 대비를 이루는 갑피 및 굽 디테일. 가죽 안감 깔창. 대비를 이루는 초경량 밑창.Harry Lambert for Zara x Disney 스페셜 콜라보레이션.,74,https://static.zara.net/assets/public/76f7/57a5/49194be28d2d/dc5b6e1a3f54/12271620107-e1/12271620107-e1.jpg?ts=1757591891115&w=1280,Light Summer,"₩ 169,900",https://www.zara.com/kr/ko/harry-lambert-for-zara-x-disney-%E1%84%80%E1%85%A1%E1%84%8C%E1%85%AE%E1%86%A8-%E1%84%89%E1%85%B3%E1%84%82%E1%85%B5%E1%84%8F%E1%85%A5%E1%84%8C%E1%85%B3-p12271620.html,shoes
#0a0a0a,블랙 | 2407/620/800,레더 포멀 슈즈,더비 스타일 정장 슈즈. 갑피는 가죽으로 제작. 가죽 안감. 라운드 토. 낮은 굽이 있는 밑창.,75,https://static.zara.net/assets/public/a5c9/419c/30e14986afdc/80d9c827d041/12407620800-e1/12407620800-e1.jpg?ts=1756121521164&w=1280,Light Summer,"₩ 149,900",https://www.zara.com/kr/ko/%E1%84%85%E1%85%A6%E1%84%83%E1%85%A5-%E1%84%91%E1%85%A9%E1%84%86%E1%85%A5%E1%86%AF-%E1%84%89%E1%85%B2%E1%84%8C%E1%85%B3-p12407620.html,shoes
#534b3c,샌드 | 4387/316/707,천공 하이테크 티셔츠,천공 구조의 가볍고 신축성 있는 기능성 원단으로 제작된 레귤러핏 러닝 티셔츠.- 퀵 드라이 2단계 원단.- 라운드넥 긴소매.- 마찰을 방지하는 오버록 솔기.- 프린트 로고 디테일.Lab Collection.Zara Athleticz engineered.,76,https://static.zara.net/assets/public/a80a/f770/8c8d47578dae/07da23e88aa0/04387316707-e1/04387316707-e1.jpg?ts=1758184011893&w=1280,Soft Autumn,"₩ 59,900",https://www.zara.com/kr/ko/%E1%84%8E%E1%85%A5%E1%86%AB%E1%84%80%E1%85%A9%E1%86%BC-%E1%84%92%E1%85%A1%E1%84%8B%E1%85%B5%E1%84%90%E1%85%A6%E1%84%8F%E1%85%B3-%E1%84%90%E1%85%B5%E1%84%89%E1%85%A7%E1%84%8E%E1%85%B3-p04387316.html,t-shirts
#96817a,그레이 로즈 | 6722/725/625,LNG SLV SHRT,라이오셀과 울 혼방 소재로 짜여진 릴렉스핏 티셔츠. 라운드넥 긴소매 디자인.,77,https://static.zara.net/assets/public/d254/21e9/8c2a42639606/3210f212b4f9/06722725625-e1/06722725625-e1.jpg?ts=1761659830473&w=1280,Soft Autumn,"₩ 79,900",https://www.zara.com/kr/ko/lng-slv-shrt-p06722725.html,t-shirts
#b1a292,블랙 | 5584/471/800,릴렉스핏 인터록 티셔츠,신축성 있는 면 인터록 소재 릴렉스핏 티셔츠. 라운드넥 반소매 디자인.,78,https://static.zara.net/assets/public/6c9f/7cab/8d52466eabad/1b5f170cdf64/05584471800-000-e1/05584471800-000-e1.jpg?ts=1756196935292&w=1280,Soft Autumn,"₩ 45,900",https://www.zara.com/kr/ko/%E1%84%85%E1%85%B5%E1%86%AF%E1%84%85%E1%85%A6%E1%86%A8%E1%84%89%E1%85%B3%E1%84%91%E1%85%B5%E1%86%BA-%E1%84%8B%E1%85%B5%E1%86%AB%E1%84%90%E1%85%A5%E1%84%85%E1%85%A9%E1%86%A8-%E1%84%90%E1%85%B5%E1%84%89%E1%85%A7%E1%84%8E%E1%85%B3-p05584471.html,t-shirts
#66564e,미디움 블루 | 5854/540/408,워싱 코튼 셔츠,"면 소재 레귤러핏 셔츠. 라펠 칼라 디자인, 버튼이 달린 커프스 마감 긴소매 디자인. 가슴 부분 패치 포켓. 워싱 효과. 앞면 버튼 여밈.",79,https://static.zara.net/assets/public/c6f6/e329/00994b5a9160/597732a74e6f/05854540408-e1/05854540408-e1.jpg?ts=1758018266958&w=1280,Soft Autumn,"₩ 59,900",https://www.zara.com/kr/ko/%E1%84%8B%E1%85%AF%E1%84%89%E1%85%B5%E1%86%BC-%E1%84%8F%E1%85%A9%E1%84%90%E1%85%B3%E1%86%AB-%E1%84%89%E1%85%A7%E1%84%8E%E1%85%B3-p05854540.html,shirts
#65574a,다크 석류 | 0706/507/686,플루이드 폴로 셔츠,라이오셀 혼방 소재 릴렉스핏 셔츠. 앞면이 트인 라펠 칼라와 버튼이 달린 커프스 마감 긴소매 디자인. 옆면 하단 트임 디테일.,80,https://static.zara.net/assets/public/ab1c/45d4/a1a74f1daa9d/703eb320c936/06643906800-e1/06643906800-e1.jpg?ts=1760528208116&w=1280,Soft Autumn,"₩ 89,900",https://www.zara.com/kr/ko/%E1%84%91%E1%85%B3%E1%86%AF%E1%84%85%E1%85%AE%E1%84%8B%E1%85%B5%E1%84%83%E1%85%B3-%E1%84%91%E1%85%A9%E1%86%AF%E1%84%85%E1%85%A9-%E1%84%89%E1%85%A7%E1%84%8E%E1%85%B3-p00706507.html,shirts
#0a0a0a,블랙 | 6643/906/800,트윌 플레어 핏 팬츠,사선 구조의 패브릭으로 제작된 플레어 핏 팬츠. 5개의 포켓. 앞면 지퍼와 버튼 여밈.,81,https://static.zara.net/assets/public/5a01/5c9e/746d4ded9e30/0cf7ddf1601a/06643906800-p/06643906800-p.jpg?ts=1760458400853&w=710,Soft Autumn,"₩ 109,900",https://www.zara.com/kr/ko/%E1%84%91%E1%85%B3%E1%86%AF%E1%84%85%E1%85%A6%E1%84%8B%E1%85%A5-%E1%84%91%E1%85%B5%E1%86%BA-%E1%84%90%E1%85%B3%E1%84%8B%E1%85%B1%E1%86%AF-%E1%84%91%E1%85%A2%E1%86%AB%E1%84%8E%E1%85%B3-p06643906.html,trousers
#0a0a0a,브라운 | 4801/375/700,버튼 플리츠 팬츠,울 12% 혼방 소재의 레귤러핏 팬츠. 앞면 플리츠 디테일이 매치된 허리 디자인. 앞면 포켓과 뒷면 파이핑 포켓. 앞면 지퍼와 버튼 여밈.,82,https://static.zara.net/assets/public/19e1/cf8d/a27c485792e5/41315c8f679f/04801375700-e1/04801375700-e1.jpg?ts=1761809726914&w=1280,Soft Autumn,"₩ 109,900",https://www.zara.com/kr/ko/%E1%84%87%E1%85%A5%E1%84%90%E1%85%B3%E1%86%AB-%E1%84%91%E1%85%B3%E1%86%AF%E1%84%85%E1%85%B5%E1%84%8E%E1%85%B3-%E1%84%91%E1%85%A2%E1%86%AB%E1%84%8E%E1%85%B3-p04801375.html,trousers
#0a0a0a,네이비 | 4410/321/401,코듀로이 수트 팬츠,코튼 코듀로이 소재의 레귤러핏 팬츠. 앞면 포켓과 버튼이 달린 뒷면 파이핑 포켓 디테일. 앞면 지퍼와 버튼 여밈.,83,https://static.zara.net/assets/public/8fcb/c809/d3fc426386e4/a89cef28a4ed/04410321401-e1/04410321401-e1.jpg?ts=1760002395699&w=1280,Soft Autumn,"₩ 89,900",https://www.zara.com/kr/ko/%E1%84%8F%E1%85%A9%E1%84%83%E1%85%B2%E1%84%85%E1%85%A9%E1%84%8B%E1%85%B5-%E1%84%89%E1%85%AE%E1%84%90%E1%85%B3-%E1%84%91%E1%85%A2%E1%86%AB%E1%84%8E%E1%85%B3-p04410321.html,trousers
#0a0a0a,스트라이프 | 5955/549/104,스트라이프 수트 팬츠,밑단이 살짝 나팔 모양으로 퍼지는 스트레이트 핏 팬츠. 앞면 포켓과 파이핑 디테일의 뒷면 포켓. 앞면 지퍼와 버튼 여밈.,84,https://static.zara.net/assets/public/6329/f874/c475436bae5e/388fc1279869/05955549104-e1/05955549104-e1.jpg?ts=1756718586828&w=1280,Soft Autumn,"₩ 89,900",https://www.zara.com/kr/ko/%E1%84%89%E1%85%B3%E1%84%90%E1%85%B3%E1%84%85%E1%85%A1%E1%84%8B%E1%85%B5%E1%84%91%E1%85%B3-%E1%84%89%E1%85%AE%E1%84%90%E1%85%B3-%E1%84%91%E1%85%A2%E1%86%AB%E1%84%8E%E1%85%B3-p05955549.html,trousers
#0a0a0a,베이지 | 4302/329/710,와이드 배기핏 치노 팬츠,면 소재로 제작된 배기 핏 팬츠입니다. 매우 넉넉하고 넓은 레그. 앞면 포켓과 뒷면 더블 웰트 포켓 디테일. 앞면 지퍼와 버튼 여밈.,85,https://static.zara.net/assets/public/6ca8/4174/b6714201a90f/f555da21d025/04302329710-e1/04302329710-e1.jpg?ts=1756979390860&w=1280,Soft Autumn,"₩ 89,900",https://www.zara.com/kr/ko/%E1%84%8B%E1%85%AA%E1%84%8B%E1%85%B5%E1%84%83%E1%85%B3-%E1%84%87%E1%85%A2%E1%84%80%E1%85%B5%E1%84%91%E1%85%B5%E1%86%BA-%E1%84%8E%E1%85%B5%E1%84%82%E1%85%A9-%E1%84%91%E1%85%A2%E1%86%AB%E1%84%8E%E1%85%B3-p04302329.html,trousers
#0a0a0a,샌드 브라운 | 2011/620/107,카우보이 레더 부츠,미디엄 길이 카우보이 부츠. 오일 처리된 스웨이드 마감 가죽 갑피. 스퀘어 라스트. 와이드 힐. 대비되는 색상의 밑창.,86,https://static.zara.net/assets/public/2182/7195/c388492f8c20/1e07082af7fc/12011620107-e1/12011620107-e1.jpg?ts=1760364683684&w=1280,Soft Autumn,"₩ 149,900",https://www.zara.com/kr/ko/%E1%84%8F%E1%85%A1%E1%84%8B%E1%85%AE%E1%84%87%E1%85%A9%E1%84%8B%E1%85%B5-%E1%84%85%E1%85%A6%E1%84%83%E1%85%A5-%E1%84%87%E1%85%AE%E1%84%8E%E1%85%B3-p12011620.html,shoes
#0a0a0a,샌드 브라운 | 2252/620/107,레더 스니커즈 리미티드 에디션,끈 달린 스니커즈. 스웨이드 마감 가죽 갑피. 가죽 소재 끈. 라운드 토. 매우 얇은 밑창. 한정판.,87,https://static.zara.net/assets/public/c4a3/6fa2/441d46cba5bf/cc88c6178963/12252620107-000-e1/12252620107-000-e1.jpg?ts=1753866644086&w=1280,Soft Autumn,"₩ 129,900",https://www.zara.com/kr/ko/%E1%84%85%E1%85%A6%E1%84%83%E1%85%A5-%E1%84%89%E1%85%B3%E1%84%82%E1%85%B5%E1%84%8F%E1%85%A5%E1%84%8C%E1%85%B3-%E1%84%85%E1%85%B5%E1%84%86%E1%85%B5%E1%84%90%E1%85%B5%E1%84%83%E1%85%B3-%E1%84%8B%E1%85%A6%E1%84%83%E1%85%B5%E1%84%89%E1%85%A7%E1%86%AB-p12252620.html,shoes
#0a0a0a,블랙 | 2378/620/800,캐주얼 레더 스니커즈,가죽 소재 스포츠 스니커즈. 여러 조각의 패널이 조합된 갑피. 그립솔.오리진스 스페셜 컬렉션.,88,https://static.zara.net/assets/public/4edf/5043/a3554020a624/b7fc52e9b3bf/12378620800-e1/12378620800-e1.jpg?ts=1761117137789&w=1280,Soft Autumn,"₩ 129,900",https://www.zara.com/kr/ko/%E1%84%8F%E1%85%A2%E1%84%8C%E1%85%AE%E1%84%8B%E1%85%A5%E1%86%AF-%E1%84%85%E1%85%A6%E1%84%83%E1%85%A5-%E1%84%89%E1%85%B3%E1%84%82%E1%85%B5%E1%84%8F%E1%85%A5%E1%84%8C%E1%85%B3-p12378620.html,shoes
#0a0a0a,블랙 | 2654/620/800,레더 로퍼 리미티드 에디션,"포멀 로퍼. 대비색 디테일이 있는 가죽 갑피. 발등 부분에 페니 장식. 톤온톤 컬러 밑창, 낮은 굽. 한정판.",89,https://static.zara.net/assets/public/5d16/0517/f2b54c83af06/668530cc7ee5/12654620800-e1/12654620800-e1.jpg?ts=1755777358631&w=1280,Soft Autumn,"₩ 129,900",https://www.zara.com/kr/ko/%E1%84%85%E1%85%A6%E1%84%83%E1%85%A5-%E1%84%85%E1%85%A9%E1%84%91%E1%85%A5-%E1%84%85%E1%85%B5%E1%84%86%E1%85%B5%E1%84%90%E1%85%B5%E1%84%83%E1%85%B3-%E1%84%8B%E1%85%A6%E1%84%83%E1%85%B5%E1%84%89%E1%85%A7%E1%86%AB-p12654620.html,shoes
#0a0a0a,브라운 | 2481/620/700,버클 레더 클로그,스웨이드 마감 가죽 클로그. 발등 부분에 메탈 버클 디테일. 둥근 라스트. 배색 처리된 볼륨 밑창.,90,https://static.zara.net/assets/public/fee9/5095/19f6460dbb74/fdf61b09d1b8/12481620700-e2/12481620700-e2.jpg?ts=1761144724319&w=1280,Soft Autumn,"₩ 129,900",https://www.zara.com/kr/ko/%E1%84%87%E1%85%A5%E1%84%8F%E1%85%B3%E1%86%AF-%E1%84%85%E1%85%A6%E1%84%83%E1%85%A5-%E1%84%8F%E1%85%B3%E1%86%AF%E1%84%85%E1%85%A9%E1%84%80%E1%85%B3-p12481620.html,shoes
#56515c,스크래치 화이트 | 4387/314/251,하이테크 지퍼넥 티셔츠,가볍고 신축성 있는 기능성 소재로 제작된 슬림핏 러닝 티셔츠.- 퀵 드라이 레벨 2 소재.- 열 고정 지퍼 여밈 하이넥.- 배색 테이프 커프스 마감 긴소매.- 지퍼 여밈 앞면 패치 포켓.Lab 컬렉션.Zara Athleticz engineered.,91,https://static.zara.net/assets/public/aec5/9e90/026741629921/c53e7b13934b/04387314251-e1/04387314251-e1.jpg?ts=1758185587717&w=1280,Soft Summer,"₩ 89,900",https://www.zara.com/kr/ko/%E1%84%92%E1%85%A1%E1%84%8B%E1%85%B5%E1%84%90%E1%85%A6%E1%84%8F%E1%85%B3-%E1%84%8C%E1%85%B5%E1%84%91%E1%85%A5%E1%84%82%E1%85%A6%E1%86%A8-%E1%84%90%E1%85%B5%E1%84%89%E1%85%A7%E1%84%8E%E1%85%B3-p04387314.html,sweatshirts
#56515c,라이트 블루 | 4729/304/406,스프레이 워싱 후드 스웨트셔츠,면 소재로 제작된 릴랙스 박시핏 스웨트셔츠입니다. 후드넥과 긴소매 디자인. 앞면 캥거루 스타일 포켓. 스프레이 워싱 효과. 리브드 마감.,92,https://static.zara.net/assets/public/9a0b/aa13/0f9a45d9a06c/0a136ea8c8a5/04729304406-e1/04729304406-e1.jpg?ts=1756714268419&w=1280,Soft Summer,"₩ 89,900",https://www.zara.com/kr/ko/%E1%84%89%E1%85%B3%E1%84%91%E1%85%B3%E1%84%85%E1%85%A6%E1%84%8B%E1%85%B5-%E1%84%8B%E1%85%AF%E1%84%89%E1%85%B5%E1%86%BC-%E1%84%92%E1%85%AE%E1%84%83%E1%85%B3-%E1%84%89%E1%85%B3%E1%84%8B%E1%85%B0%E1%84%90%E1%85%B3%E1%84%89%E1%85%A7%E1%84%8E%E1%85%B3-p04729304.html,sweatshirts
#56515c,그레이 | 6224/386/803,크루넥 프린트 스웨트셔츠,박시핏 스웨트셔츠. 라운드넥 긴소매. 앞면 대비되는 컬러의 텍스트 프린트. 워싱 효과. 리브드 마감.특별한 워싱 공정으로 독특한 외관을 자랑합니다. 이로 인해 사진과 색상이 약간 다를 수 있습니다.,93,https://static.zara.net/assets/public/eed6/c0e1/0e0b45298013/a324bb1628c9/06224386803-e1/06224386803-e1.jpg?ts=1756374696814&w=1280,Soft Summer,"₩ 59,900",https://www.zara.com/kr/ko/%E1%84%8F%E1%85%B3%E1%84%85%E1%85%AE%E1%84%82%E1%85%A6%E1%86%A8-%E1%84%91%E1%85%B3%E1%84%85%E1%85%B5%E1%86%AB%E1%84%90%E1%85%B3-%E1%84%89%E1%85%B3%E1%84%8B%E1%85%B0%E1%84%90%E1%85%B3%E1%84%89%E1%85%A7%E1%84%8E%E1%85%B3-p06224386.html,sweatshirts
#56515c,크림 | 4087/321/712,콘트라스트 와플 스웨트셔츠,와플 구조의 패브릭으로 제작된 릴랙스핏 스웨트셔츠. 라운드넥 긴소매. 배색된 리브드 마감.,94,https://static.zara.net/assets/public/249e/9fb0/3b024892932a/6d06017f4869/04087321712-e1/04087321712-e1.jpg?ts=1754922130296&w=1280,Soft Summer,"₩ 59,900",https://www.zara.com/kr/ko/%E1%84%8F%E1%85%A9%E1%86%AB%E1%84%90%E1%85%B3%E1%84%85%E1%85%A1%E1%84%89%E1%85%B3%E1%84%90%E1%85%B3-%E1%84%8B%E1%85%AA%E1%84%91%E1%85%B3%E1%86%AF-%E1%84%89%E1%85%B3%E1%84%8B%E1%85%B0%E1%84%90%E1%85%B3%E1%84%89%E1%85%A7%E1%84%8E%E1%85%B3-p04087321.html,sweatshirts
#a3a4a6,라이트 그레이 | 9144/307/811,콤비 프린트 스웨트셔츠,릴렉스핏 스웨트셔츠. 라운드넥 긴소매 디자인. 앞면과 뒷면의 대비를 이루는 콤비 자수 및 프린트. 워싱 효과. 리브드 마감.,95,https://static.zara.net/assets/public/1d54/7312/73ae4a4ca0d2/12498d5d91f5/09144307811-e1/09144307811-e1.jpg?ts=1757586812449&w=1280,Soft Summer,"₩ 59,900",https://www.zara.com/kr/ko/%E1%84%8F%E1%85%A9%E1%86%B7%E1%84%87%E1%85%B5-%E1%84%91%E1%85%B3%E1%84%85%E1%85%B5%E1%86%AB%E1%84%90%E1%85%B3-%E1%84%89%E1%85%B3%E1%84%8B%E1%85%B0%E1%84%90%E1%85%B3%E1%84%89%E1%85%A7%E1%84%8E%E1%85%B3-p09144307.html,sweatshirts
#0a0a0a,블랙 | 8491/405/800,벨티드 플리츠 벌룬 팬츠,비스코스 혼방 벌룬핏 팬츠. 배색 벨트로 조절 가능한 허릿단. 앞면 플리츠 디테일. 앞면 포켓과 뒷면 웰트 포켓 디테일. 앞면 지퍼와 버튼으로 여밈.,96,https://static.zara.net/assets/public/04d9/2959/aaf74ce5a35f/fcf7891ab1fd/08491405800-e1/08491405800-e1.jpg?ts=1759135200667&w=1280,Soft Summer,"₩ 89,900",https://www.zara.com/kr/ko/%E1%84%87%E1%85%A6%E1%86%AF%E1%84%90%E1%85%B5%E1%84%83%E1%85%B3-%E1%84%91%E1%85%B3%E1%86%AF%E1%84%85%E1%85%B5%E1%84%8E%E1%85%B3-%E1%84%87%E1%85%A5%E1%86%AF%E1%84%85%E1%85%AE%E1%86%AB-%E1%84%91%E1%85%A2%E1%86%AB%E1%84%8E%E1%85%B3-p08491405.html,trousers
#313131,프린트 | 5862/315/020,워싱 프린트 배기핏 팬츠,면 소재로 제작된 배기 핏 팬츠. 5개의 포켓. 워싱 효과. 앞면 지퍼와 버튼 여밈.,97,https://static.zara.net/assets/public/8a29/3ed1/e3a640a6ac9d/d44b370c914c/06987315020-e1/06987315020-e1.jpg?ts=1759134508941&w=1280,Soft Summer,"₩ 89,900",https://www.zara.com/kr/ko/%E1%84%8B%E1%85%AF%E1%84%89%E1%85%B5%E1%86%BC-%E1%84%91%E1%85%B3%E1%84%85%E1%85%B5%E1%86%AB%E1%84%90%E1%85%B3-%E1%84%87%E1%85%A2%E1%84%80%E1%85%B5%E1%84%91%E1%85%B5%E1%86%BA-%E1%84%91%E1%85%A2%E1%86%AB%E1%84%8E%E1%85%B3-p05862315.html,trousers
#0a0a0a,타바코 | 3284/319/705,스트럭처 니트 팬츠,구조적인 면사 방적사로 짜여진 릴렉스핏 팬츠. 대비되는 색상의 끈으로 조절 가능한 신축성 있는 허리. 앞면 파이핑 포켓과 뒷면 파이핑 포켓 디테일.,98,https://static.zara.net/assets/public/e8ea/7fe0/833242da8bbe/e2040f8c9ff7/03284319705-e1/03284319705-e1.jpg?ts=1758194230132&w=1280,Soft Summer,"₩ 59,900",https://www.zara.com/kr/ko/%E1%84%89%E1%85%B3%E1%84%90%E1%85%B3%E1%84%85%E1%85%A5%E1%86%A8%E1%84%8E%E1%85%A5-%E1%84%82%E1%85%B5%E1%84%90%E1%85%B3-%E1%84%91%E1%85%A2%E1%86%AB%E1%84%8E%E1%85%B3-p03284319.html,trousers
#0a0a0a,브라운 | 4088/701/700,코듀로이 수트 팬츠 LIMITED EDITION,코튼 코듀로이 소재 벌룬핏 팬츠. 앞면에 플리츠 디테일이 있는 신축성 있는 허리. 옆면 포켓과 버튼이 달린 뒷면 더블 파이핑 포켓 디테일. 앞면에서 지퍼와 히든 메탈 후크 여밈.,99,https://static.zara.net/assets/public/978c/172e/897a4769aeee/66567526c4f9/04088701700-e1/04088701700-e1.jpg?ts=1760356450100&w=1280,Soft Summer,"₩ 169,900",https://www.zara.com/kr/ko/%E1%84%8F%E1%85%A9%E1%84%83%E1%85%B2%E1%84%85%E1%85%A9%E1%84%8B%E1%85%B5-%E1%84%89%E1%85%AE%E1%84%90%E1%85%B3-%E1%84%91%E1%85%A2%E1%86%AB%E1%84%8E%E1%85%B3-limited-edition-p04088701.html,trousers
#0a0a0a,테라코타 | 3286/320/701,쉘 방수 하이테크 팬츠,보안 기능을 제공하는 3겹 멤브레인 기능성 소재 팬츠. 15K 이상의 방수 기능. 방수성 향상을 위해 열 접착 처리된 솔기.- 방수 기능 4/4.- 옆면 스트랩으로 핏 조절이 가능한 신축성 허리.- 서모실드 지퍼로 여미는 앞면 포켓.- 핏 조절을 용이하게 하는 양방향 서모실드 지퍼가 달린 옆면 통풍 트임 다리.- 스트랩과 부착 스트랩으로 핏 조절이 가능한 밑단.- 서모실드 지퍼와 슬라이드 오픈 방식의 보안 버튼으로 여미는 앞면.Zara Athleticz.,100,https://static.zara.net/assets/public/73e9/2814/808a4c1aa046/dac076bca9d4/03286320701-e1/03286320701-e1.jpg?ts=1761746252253&w=1280,Soft Summer,"₩ 169,900",https://www.zara.com/kr/ko/%E1%84%89%E1%85%B0%E1%86%AF-%E1%84%92%E1%85%A1%E1%84%8B%E1%85%B5%E1%84%90%E1%85%A6%E1%84%8F%E1%85%B3-%E1%84%87%E1%85%A1%E1%86%BC%E1%84%89%E1%85%AE-%E1%84%91%E1%85%A2%E1%86%AB%E1%84%8E%E1%85%B3-p03286320.html,trousers
#0a0a0a,브라운 | 2402/620/700,가죽 정장 구두,더비 스타일 정장 구두입니다. 갑피는 스웨이드 마감 처리된 가죽으로 제작되었습니다. 둥근 라스트. 가벼운 힐과 어울리는 색상의 밑창.,101,https://static.zara.net/assets/public/6e18/6768/ca8f4bbbb371/9af1674ce3ef/12402620700-e1/12402620700-e1.jpg?ts=1760364690916&w=1280,Soft Summer,"₩ 99,900",https://www.zara.com/kr/ko/%E1%84%80%E1%85%A1%E1%84%8C%E1%85%AE%E1%86%A8-%E1%84%8C%E1%85%A5%E1%86%BC%E1%84%8C%E1%85%A1%E1%86%BC-%E1%84%80%E1%85%AE%E1%84%83%E1%85%AE-p12402620.html,shoes
#0a0a0a,블랙 | 2615/620/800,캐주얼 가죽 로퍼,캐주얼 로퍼. 스웨이드 가공된 가죽 갑피. 파이프 솔기 디테일의 플레인 디자인. 둥근 라스트. 배색 밑창.,102,https://static.zara.net/assets/public/0747/da9f/9c14456ea907/3f7addde4aad/12615620800-e1/12615620800-e1.jpg?ts=1745925071570&w=1280,Soft Summer,"₩ 99,900",https://www.zara.com/kr/ko/%E1%84%8F%E1%85%A2%E1%84%8C%E1%85%AE%E1%84%8B%E1%85%A5%E1%86%AF-%E1%84%80%E1%85%A1%E1%84%8C%E1%85%AE%E1%86%A8-%E1%84%85%E1%85%A9%E1%84%91%E1%85%A5-p12615620.html,shoes
#0a0a0a,블랙 | 2012/620/800,볼륨 첼시 부츠,첼시 스타일 부츠. 매끄러운 갑피. 쉬운 착용을 돕는 옆면 엘라스틱 디테일과 뒤꿈치 풀탭. 둥근 코. 볼륨 있는 트랙 밑창.,103,https://static.zara.net/assets/public/79be/269e/c80348a2968d/559961703722/12012620800-e1/12012620800-e1.jpg?ts=1758098363697&w=1280,Soft Summer,"₩ 99,900",https://www.zara.com/kr/ko/%E1%84%87%E1%85%A9%E1%86%AF%E1%84%85%E1%85%B2%E1%86%B7-%E1%84%8E%E1%85%A6%E1%86%AF%E1%84%89%E1%85%B5-%E1%84%87%E1%85%AE%E1%84%8E%E1%85%B3-p12012620.html,shoes
#0a0a0a,베이지 | 2341/620/102,캐주얼 스니커즈,레이스업 캐주얼 스니커즈. 스웨이드 마감된 가죽 디테일과 부분적으로 조합된 갑피. 대비되는 색상의 톱니 모양 밑창.,104,https://static.zara.net/assets/public/86a5/fea6/143e46fc83a6/987777002816/poster/poster.jpg?ts=1754578057893&w=710,Soft Summer,"₩ 99,900",https://www.zara.com/kr/ko/%E1%84%8F%E1%85%A2%E1%84%8C%E1%85%AE%E1%84%8B%E1%85%A5%E1%86%AF-%E1%84%89%E1%85%B3%E1%84%82%E1%85%B5%E1%84%8F%E1%85%A5%E1%84%8C%E1%85%B3-p12341620.html,shoes
#0a0a0a,브라운 | 2415/620/700,파이핑 디테일 레더 슈즈,더비 스타일 레이스업 슈즈. 스웨이드 마감 가죽 갑피. 라운드 토. 볼륨감 있는 불규칙한 마감 밑창.,105,https://static.zara.net/assets/public/6565/525c/aa79481da1c9/808ef423896a/12415620700-e2/12415620700-e2.jpg?ts=1757488507799&w=1280,Soft Summer,"₩ 99,900",https://www.zara.com/kr/ko/%E1%84%91%E1%85%A1%E1%84%8B%E1%85%B5%E1%84%91%E1%85%B5%E1%86%BC-%E1%84%83%E1%85%B5%E1%84%90%E1%85%A6%E1%84%8B%E1%85%B5%E1%86%AF-%E1%84%85%E1%85%A6%E1%84%83%E1%85%A5-%E1%84%89%E1%85%B2%E1%84%8C%E1%85%B3-p12415620.html,shoes
#c42d1d,브라운 / 그린 | 1887/302/054,HARRY LAMBERT FOR ZARA X DISNEY 스트라이프 티셔츠,크롭 핏 면 티셔츠. 라운드넥 긴소매 디자인. 배색 골지 마감.Harry Lambert for Zara x Disney 특별 콜라보레이션.,106,https://static.zara.net/assets/public/76a9/3d0f/37424707b3e0/cbafad487418/01887302054-e1/01887302054-e1.jpg?ts=1755672329508&w=1280,True Autumn,"₩ 59,900",https://www.zara.com/kr/ko/harry-lambert-for-zara-x-disney-%E1%84%89%E1%85%B3%E1%84%90%E1%85%B3%E1%84%85%E1%85%A1%E1%84%8B%E1%85%B5%E1%84%91%E1%85%B3-%E1%84%90%E1%85%B5%E1%84%89%E1%85%A7%E1%84%8E%E1%85%B3-p01887302.html,t-shirts
#7f0c15,레드 | 0761/311/600,베이직 지퍼넥 스웨트셔츠,레귤러 핏 스웨트셔츠. 앞면 지퍼 여밈 하이넥. 긴소매. 리브드 마감.,107,https://static.zara.net/assets/public/8ffa/50ce/b2ae43f4a556/3620bcf4817d/00761311600-000-e1/00761311600-000-e1.jpg?ts=1754985838269&w=1280,True Autumn,"₩ 59,900",https://www.zara.com/kr/ko/%E1%84%87%E1%85%A6%E1%84%8B%E1%85%B5%E1%84%8C%E1%85%B5%E1%86%A8-%E1%84%8C%E1%85%B5%E1%84%91%E1%85%A5%E1%84%82%E1%85%A6%E1%86%A8-%E1%84%89%E1%85%B3%E1%84%8B%E1%85%B0%E1%84%90%E1%85%B3%E1%84%89%E1%85%A7%E1%84%8E%E1%85%B3-p00761311.html,sweatshirts
#0a0a0a,화이트 | 3665/303/250,베이커 넥 티셔츠,면이 혼방된 가벼운 원단으로 제작된 레귤러 핏 티셔츠입니다. 전면 버튼 잠금장치가 있는 라운드넥입니다. 긴팔.,108,https://static.zara.net/assets/public/a28e/5412/f6134e47b6dc/6c1350693dc6/03665303250-e1/03665303250-e1.jpg?ts=1754040674702&w=1280,True Autumn,"₩ 55,900",https://www.zara.com/kr/ko/%E1%84%87%E1%85%A6%E1%84%8B%E1%85%B5%E1%84%8F%E1%85%A5-%E1%84%82%E1%85%A6%E1%86%A8-%E1%84%90%E1%85%B5%E1%84%89%E1%85%A7%E1%84%8E%E1%85%B3-p03665303.html,t-shirts
#0a0a0a,하늘색 | 0962/331/403,MICKEY MOUSE HARRY LAMBERT FOR ZARA X DISNEY 티셔츠,레귤러핏 티셔츠. 라운드넥 반소매. 앞면 Mickey Mouse © Disney 프린트. 배색 디테일 마감. Harry Lambert for Zara x Disney 스페셜 에디션.,109,https://static.zara.net/assets/public/76f5/471c/074645be83b2/ab5dbcfcb280/00962331403-e1/00962331403-e1.jpg?ts=1755619077649&w=1280,True Autumn,"₩ 55,900",https://www.zara.com/kr/ko/mickey-mouse-harry-lambert-for-zara-x-disney-%E1%84%90%E1%85%B5%E1%84%89%E1%85%A7%E1%84%8E%E1%85%B3-p00962331.html,t-shirts
#303030,화이트 | 6019/390/250,슬림핏 베이직 티셔츠,"신축성 있는 면 소재의 슬림핏 티셔츠. 라운드넥, 긴소매 디자인.",110,https://static.zara.net/assets/public/9b49/97fa/b4b248009c46/152b6385ccfc/05584390250-e1/05584390250-e1.jpg?ts=1756720751402&w=1280,True Autumn,"₩ 35,900",https://www.zara.com/kr/ko/%E1%84%89%E1%85%B3%E1%86%AF%E1%84%85%E1%85%B5%E1%86%B7%E1%84%91%E1%85%B5%E1%86%BA-%E1%84%87%E1%85%A6%E1%84%8B%E1%85%B5%E1%84%8C%E1%85%B5%E1%86%A8-%E1%84%90%E1%85%B5%E1%84%89%E1%85%A7%E1%84%8E%E1%85%B3-p06019390.html,t-shirts
#0a0a0a,그레이 | 4393/316/803,스티치 와이드핏 팬츠,와이드핏 팬츠. 끈으로 핏 조절이 가능한 신축성 있는 허리 디자인. 옆면 포켓과 뒷면 패치 포켓 디테일. 앞면 스티치 디테일이 있는 다리 부분.,111,https://static.zara.net/assets/public/d9d0/c3d2/12fc4b059aad/104e426e54ff/04393316803-e1/04393316803-e1.jpg?ts=1761752624610&w=1280,True Autumn,"₩ 79,900",https://www.zara.com/kr/ko/%E1%84%89%E1%85%B3%E1%84%90%E1%85%B5%E1%84%8E%E1%85%B5-%E1%84%8B%E1%85%AA%E1%84%8B%E1%85%B5%E1%84%83%E1%85%B3%E1%84%91%E1%85%B5%E1%86%BA-%E1%84%91%E1%85%A2%E1%86%AB%E1%84%8E%E1%85%B3-p04393316.html,trousers
#473c34,버건디 | 8574/330/681,지퍼 테크니컬 팬츠,"신축성 있는 컴팩트 코튼 테크니컬 패브릭으로 제작된 레귤러핏 트레이닝 조거 팬츠. - 끈으로 조절 가능한 신축성 있는 허리. - 앞면 포켓, 열고정 마감 및 지퍼 여밈이 있는 옆면 포켓 디테일. - 같은 소재의 리브드 커프스 마감 밑단. - 네오프렌 효과. Zara Athleticz.",112,https://static.zara.net/assets/public/fbf5/9f43/987a48a1a515/7dfde6255562/08574330681-e1/08574330681-e1.jpg?ts=1754399644685&w=1280,True Autumn,"₩ 79,900",https://www.zara.com/kr/ko/%E1%84%8C%E1%85%B5%E1%84%91%E1%85%A5-%E1%84%90%E1%85%A6%E1%84%8F%E1%85%B3%E1%84%82%E1%85%B5%E1%84%8F%E1%85%A5%E1%86%AF-%E1%84%91%E1%85%A2%E1%86%AB%E1%84%8E%E1%85%B3-p08574330.html,trousers
#0a0a0a,네이비 | 6414/526/401,HARRY LAMBERT FOR ZARA X DISNEY 플리츠 정장 팬츠,울 혼방 소재 와이드핏 팬츠. 하이웨이스트 디자인. 앞면 플리츠 디테일이 있는 허리. 옆면 포켓과 더블 웰트 뒷면 포켓 디테일. 같은 소재로 덮은 버튼으로 여미는 앞면.Harry Lambert for Zara x Disney 스페셜 콜라보레이션.,113,https://static.zara.net/assets/public/2b64/40ff/367a478193e9/f94d79a97c64/06414526401-e1/06414526401-e1.jpg?ts=1755766611378&w=1280,True Autumn,"₩ 149,900",https://www.zara.com/kr/ko/harry-lambert-for-zara-x-disney-%E1%84%91%E1%85%B3%E1%86%AF%E1%84%85%E1%85%B5%E1%84%8E%E1%85%B3-%E1%84%8C%E1%85%A5%E1%86%BC%E1%84%8C%E1%85%A1%E1%86%BC-%E1%84%91%E1%85%A2%E1%86%AB%E1%84%8E%E1%85%B3-p06414526.html,trousers
#0a0a0a,그레이 / 블루 | 5009/062/055,HARRY LAMBERT FOR ZARA X DISNEY 체크 와이드핏 팬츠,울 소재로 제작된 와이드핏 팬츠. 옆면 포켓과 뒷면 파이핑 포켓 디테일. 앞면 지퍼와 버튼 여밈.Harry Lambert for Zara x Disney 스페셜 콜라보레이션.,114,https://static.zara.net/assets/public/ff50/614e/8fe644a38c15/b60fcfd2a94d/05009062055-e1/05009062055-e1.jpg?ts=1755766426018&w=1280,True Autumn,"₩ 149,900",https://www.zara.com/kr/ko/harry-lambert-for-zara-x-disney-%E1%84%8E%E1%85%A6%E1%84%8F%E1%85%B3-%E1%84%8B%E1%85%AA%E1%84%8B%E1%85%B5%E1%84%83%E1%85%B3%E1%84%91%E1%85%B5%E1%86%BA-%E1%84%91%E1%85%A2%E1%86%AB%E1%84%8E%E1%85%B3-p05009062.html,trousers
#0a0a0a,콜 그레이 | 6605/582/807,100% 울 플리츠 팬츠 LIMITED EDITION,울 소재 스트레이트 핏 팬츠. 앞면 플리츠 디테일 허리. 앞면 포켓과 뒷면 파이핑 포켓 디테일. 앞면 지퍼와 버튼 여밈.,115,https://static.zara.net/assets/public/a3db/cd8d/a7354b859609/1ac0190ac883/06605582807-e1/06605582807-e1.jpg?ts=1761228037260&w=1280,True Autumn,"₩ 149,900",https://www.zara.com/kr/ko/100-%E1%84%8B%E1%85%AE%E1%86%AF-%E1%84%91%E1%85%B3%E1%86%AF%E1%84%85%E1%85%B5%E1%84%8E%E1%85%B3-%E1%84%91%E1%85%A2%E1%86%AB%E1%84%8E%E1%85%B3-limited-edition-p06605582.html,trousers
#0a0a0a,화이트 | 2240/622/001,레더 스니커즈,레이스업 스니커즈. 스티치 디테일이 있는 가죽 갑피. 라운드 토. 동일한 색상의 밑창.,116,https://static.zara.net/assets/public/5340/36bc/e4244072bf2d/1aca1d0d4e92/12240622001-e1/12240622001-e1.jpg?ts=1756200684105&w=710,True Autumn,"₩ 99,900",https://www.zara.com/kr/ko/%E1%84%85%E1%85%A6%E1%84%83%E1%85%A5-%E1%84%89%E1%85%B3%E1%84%82%E1%85%B5%E1%84%8F%E1%85%A5%E1%84%8C%E1%85%B3-p12240622.html,shoes
#0a0a0a,토프 그레이 | 2408/620/131,가죽 데크 슈즈,보트 슈즈 스타일. 스웨이드 마감 가죽 갑피. 가죽 소재 끈. 같은 색상의 플랫 밑창.,118,https://static.zara.net/photos///2025/I/1/2/p/2408/620/131/2/2408620131_16_1_1/w/710/poster.jpg?ts=1753889878783,True Autumn,"₩ 99,900",https://www.zara.com/kr/ko/%E1%84%80%E1%85%A1%E1%84%8C%E1%85%AE%E1%86%A8-%E1%84%83%E1%85%A6%E1%84%8F%E1%85%B3-%E1%84%89%E1%85%B2%E1%84%8C%E1%85%B3-p12408620.html,shoes
#0a0a0a,블랙 | 2040/620/800,카우보이 포인티드 부츠,카우보이 스타일 부츠. 매끄러운 갑피. 옆면 지퍼로 여밈. 뒷면 풀탭. 포인티드 토. 굽 높이: 4cm.,119,https://static.zara.net/assets/public/a0c3/376f/160f43b69983/6de238306be3/12040620800-e1/12040620800-e1.jpg?ts=1757599096479&w=1280,True Autumn,"₩ 99,900",https://www.zara.com/kr/ko/%E1%84%8F%E1%85%A1%E1%84%8B%E1%85%AE%E1%84%87%E1%85%A9%E1%84%8B%E1%85%B5-%E1%84%91%E1%85%A9%E1%84%8B%E1%85%B5%E1%86%AB%E1%84%90%E1%85%B5%E1%84%83%E1%85%B3-%E1%84%87%E1%85%AE%E1%84%8E%E1%85%B3-p12040620.html,shoes
#0a0a0a,블랙 | 2660/620/800,페니 로퍼 볼륨,페니 로퍼 스타일. 안감 및 내부 깔창은 톤온톤 배색. 스퀘어 토. 볼륨감 있는 트랙 밑창.,120,https://static.zara.net/assets/public/d19b/7689/f29048299053/f2eb236c109a/12660620800-e1/12660620800-e1.jpg?ts=1747056553439&w=1280,True Autumn,"₩ 99,900",https://www.zara.com/kr/ko/%E1%84%91%E1%85%A6%E1%84%82%E1%85%B5-%E1%84%85%E1%85%A9%E1%84%91%E1%85%A5-%E1%84%87%E1%85%A9%E1%86%AF%E1%84%85%E1%85%B2%E1%86%B7-p12660620.html,shoes
#223b78,카키 | 4729/302/110,박시핏 후드 스웨트셔츠,안감 수건감의 콤팩트한 면 소재로 제작된 박시핏 후드 스웨트셔츠입니다. 후드넥과 긴소매 디자인. 앞면 캥거루 포켓. 신축성 있는 마감. 앞면 지퍼 여밈. 워싱 효과. 특별한 워싱 과정으로 인해 독특한 외관을 지니고 있습니다. 따라서 색상이 사진과 약간 다를 수 있습니다.,121,https://static.zara.net/assets/public/2709/8250/69774794bc58/11c0ff66af4e/04729302110-e1/04729302110-e1.jpg?ts=1754557414755&w=1280,True Winter,"₩ 79,900",https://www.zara.com/kr/ko/%E1%84%87%E1%85%A1%E1%86%A8%E1%84%89%E1%85%B5%E1%84%91%E1%85%B5%E1%86%BA-%E1%84%92%E1%85%AE%E1%84%83%E1%85%B3-%E1%84%89%E1%85%B3%E1%84%8B%E1%85%B0%E1%84%90%E1%85%B3%E1%84%89%E1%85%A7%E1%84%8E%E1%85%B3-p04729302.html,sweatshirts
#242526,다크 브라운 | 6348/438/716,루즈핏 셔츠 LIMITED EDITION,lyocell 및 면 소재의 루즈핏 셔츠. 라펠 칼라에 버튼이 달린 커프스 마감 긴소매 디자인. 가슴 부분 패치 포켓 디테일. 앞면 버튼 여밈.,122,https://static.zara.net/assets/public/e7a8/fa8d/172a4e079aef/aa75b06a615f/06348438716-e1/06348438716-e1.jpg?ts=1758551516798&w=1280,True Winter,"₩ 79,900",https://www.zara.com/kr/ko/%E1%84%85%E1%85%AE%E1%84%8C%E1%85%B3%E1%84%91%E1%85%B5%E1%86%BA-%E1%84%89%E1%85%A7%E1%84%8E%E1%85%B3-limited-edition-p06348438.html,shirts
#393d3e,귤 | 4024/159/643,100% 린넨 셔츠,린넨 소재로 제작된 레귤러 핏 셔츠. 라펠 칼라와 버튼이 달린 커프스 마감 긴소매 디자인. 앞면 버튼 여밈.,123,https://static.zara.net/assets/public/af3c/1a44/0fc64ea197d6/5bbf12b79293/04024159643-e1/04024159643-e1.jpg?ts=1750946686999&w=1280,True Winter,"₩ 79,900",https://www.zara.com/kr/ko/100-%E1%84%85%E1%85%B5%E1%86%AB%E1%84%82%E1%85%A6%E1%86%AB-%E1%84%89%E1%85%A7%E1%84%8E%E1%85%B3-p04024159.html,shirts
#121923,브라운 | 5755/335/700,지오메트릭 자카드 니트 폴로셔츠,릴렉스 핏 폴로셔츠. 앞면 버튼 여밈 라펠 칼라. 긴소매. 리브드 마감.,124,https://static.zara.net/assets/public/0ff1/7325/3bf84915b5e6/cb23721f2e5f/05755335700-e1/05755335700-e1.jpg?ts=1761562035859&w=1280,True Winter,"₩ 79,900",https://www.zara.com/kr/ko/%E1%84%8C%E1%85%B5%E1%84%8B%E1%85%A9%E1%84%86%E1%85%A6%E1%84%90%E1%85%B3%E1%84%85%E1%85%B5%E1%86%A8-%E1%84%8C%E1%85%A1%E1%84%8F%E1%85%A1%E1%84%83%E1%85%B3-%E1%84%82%E1%85%B5%E1%84%90%E1%85%B3-%E1%84%91%E1%85%A9%E1%86%AF%E1%84%85%E1%85%A9%E1%84%89%E1%85%A7%E1%84%8E%E1%85%B3-p05755335.html,polos
#121923,워싱 블루 | 2893/342/428,스트라이프 울 혼방 니트 폴로셔츠,울과 캐시미어 5% 혼방 소재의 릴랙스 핏 니트 폴로셔츠. 앞면 버튼 여밈 라펠 칼라. 긴소매. 리브드 마감.,125,https://static.zara.net/assets/public/e292/894a/9b7640219f66/3aadf17726b2/02893342428-e1/02893342428-e1.jpg?ts=1761213919325&w=1280,True Winter,"₩ 99,900",https://www.zara.com/kr/ko/%E1%84%89%E1%85%B3%E1%84%90%E1%85%B3%E1%84%85%E1%85%A1%E1%84%8B%E1%85%B5%E1%84%91%E1%85%B3-%E1%84%8B%E1%85%AE%E1%86%AF-%E1%84%92%E1%85%A9%E1%86%AB%E1%84%87%E1%85%A1%E1%86%BC-%E1%84%82%E1%85%B5%E1%84%90%E1%85%B3-%E1%84%91%E1%85%A9%E1%86%AF%E1%84%85%E1%85%A9%E1%84%89%E1%85%A7%E1%84%8E%E1%85%B3-p02893342.html,polos
#0a0a0a,블랙 | 6730/022/800,LIMITED EDITION 수트 팬츠,울 혼방 소재 스트레이트핏 팬츠. 앞면 포켓과 뒷면 파이핑 포켓 디테일. 앞면 지퍼와 버튼 여밈.,126,https://static.zara.net/assets/public/44a8/3666/1a1347d5a820/8f8a1c7aef24/06730022800-e1/06730022800-e1.jpg?ts=1761228184451&w=1280,True Winter,"₩ 149,900",https://www.zara.com/kr/ko/limited-edition-%E1%84%89%E1%85%AE%E1%84%90%E1%85%B3-%E1%84%91%E1%85%A2%E1%86%AB%E1%84%8E%E1%85%B3-p06730022.html,trousers
#0a0a0a,네이비 | 6604/585/401,스트레이트 핏 100% 울 팬츠 LIMITED EDITION,울 소재의 스트레이트 핏 팬츠. 앞면 포켓과 버튼 디테일의 뒷면 파이핑 포켓. 앞면 지퍼와 버튼 여밈.,127,https://static.zara.net/assets/public/9cba/4e88/2981449b9326/42ba1f08bdb8/06604585401-e1/06604585401-e1.jpg?ts=1761228044504&w=1280,True Winter,"₩ 149,900",https://www.zara.com/kr/ko/%E1%84%89%E1%85%B3%E1%84%90%E1%85%B3%E1%84%85%E1%85%A6%E1%84%8B%E1%85%B5%E1%84%90%E1%85%B3-%E1%84%91%E1%85%B5%E1%86%BA-100-%E1%84%8B%E1%85%AE%E1%86%AF-%E1%84%91%E1%85%A2%E1%86%AB%E1%84%8E%E1%85%B3-limited-edition-p06604585.html,trousers
#0a0a0a,브라운 | 5983/525/700,플레어 핏 팬츠 HARRY LAMBERT FOR ZARA X DISNEY,울 혼방 소재 플레어 핏 팬츠. 앞면 포켓과 파이핑 디테일의 언밸런스한 뒷면 포켓. 앞면 지퍼 및 히든 메탈 후크 여밈.Harry Lambert for Zara x Disney 스페셜 콜라보레이션.,128,https://static.zara.net/assets/public/b350/beb5/6747484fae47/3283f9be143a/05983525700-e2/05983525700-e2.jpg?ts=1755766107540&w=1280,True Winter,"₩ 139,900",https://www.zara.com/kr/ko/%E1%84%91%E1%85%B3%E1%86%AF%E1%84%85%E1%85%A6%E1%84%8B%E1%85%A5-%E1%84%91%E1%85%B5%E1%86%BA-%E1%84%91%E1%85%A2%E1%86%AB%E1%84%8E%E1%85%B3-harry-lambert-for-zara-x-disney-p05983525.html,trousers
#0a0a0a,브라운 | 6667/595/700,플란넬 레귤러핏 팬츠,이탈리아산 울과 면 혼방 소재로 제작된 레귤러핏 팬츠.옆면 포켓과 앞면 코인 포켓 디테일. 뒷면 파이핑 포켓. 앞면 지퍼와 버튼 여밈.Origins 스페셜 에디션.,129,https://static.zara.net/assets/public/d087/68e3/ad0442ba88c3/7ab83391571d/06667595700-e1/06667595700-e1.jpg?ts=1760521752205&w=1280,True Winter,"₩ 139,900",https://www.zara.com/kr/ko/%E1%84%91%E1%85%B3%E1%86%AF%E1%84%85%E1%85%A1%E1%86%AB%E1%84%82%E1%85%A6%E1%86%AF-%E1%84%85%E1%85%A6%E1%84%80%E1%85%B2%E1%86%AF%E1%84%85%E1%85%A5%E1%84%91%E1%85%B5%E1%86%BA-%E1%84%91%E1%85%A2%E1%86%AB%E1%84%8E%E1%85%B3-p06667595.html,trousers
#0a0a0a,카키 | 7563/597/505,워시드 릴렉스핏 카고 팬츠,면 소재 릴렉스핏 팬츠. 앞면 포켓과 뒷면 패치 포켓 디테일. 다리 부분에 지퍼 여밈 패치 포켓 아플리케. 워싱 이펙트. 앞면 지퍼와 버튼 여밈.Origins 스페셜 컬렉션.,130,https://static.zara.net/assets/public/0680/88ba/e94a4a4a97fb/fb0bd99823dd/07563597505-e1/07563597505-e1.jpg?ts=1760519884296&w=1280,True Winter,"₩ 139,900",https://www.zara.com/kr/ko/%E1%84%8B%E1%85%AF%E1%84%89%E1%85%B5%E1%84%83%E1%85%B3-%E1%84%85%E1%85%B5%E1%86%AF%E1%84%85%E1%85%A6%E1%86%A8%E1%84%89%E1%85%B3%E1%84%91%E1%85%B5%E1%86%BA-%E1%84%8F%E1%85%A1%E1%84%80%E1%85%A9-%E1%84%91%E1%85%A2%E1%86%AB%E1%84%8E%E1%85%B3-p07563597.html,trousers
#0a0a0a,블랙 | 2435/620/800,정장 슈즈,더비 스타일 레이스업 슈즈. 매끈한 갑피. 라운드 토. 낮은 굽이 있는 밑창.,131,https://static.zara.net/assets/public/f659/5ce9/c99a4edfa72f/87a60b9d4fb1/12435620800-a2/12435620800-a2.jpg?ts=1754912430925&w=710,True Winter,"₩ 99,900",https://www.zara.com/kr/ko/%E1%84%8C%E1%85%A5%E1%86%BC%E1%84%8C%E1%85%A1%E1%86%BC-%E1%84%89%E1%85%B2%E1%84%8C%E1%85%B3-p12435620.html,shoes
#0a0a0a,블랙 | 2410/520/800,볼륨 솔 슈즈,더비 스타일 슈즈. 매끄러운 갑피. 메탈 버튼 홀 디테일. 스퀘어 토. 볼륨 있는 밑창.,132,https://static.zara.net/assets/public/39a6/b718/278a4796b1a6/e92fcb4c8b6f/12410520800-e1/12410520800-e1.jpg?ts=1728574259617&w=710,True Winter,"₩ 99,900",https://www.zara.com/kr/ko/%E1%84%87%E1%85%A9%E1%86%AF%E1%84%85%E1%85%B2%E1%86%B7-%E1%84%89%E1%85%A9%E1%86%AF-%E1%84%89%E1%85%B2%E1%84%8C%E1%85%B3-p12410520.html,shoes
#0a0a0a,브라운 | 2316/620/700,트레일 러닝화,"일상 및 산악 러닝용 스포츠 러닝화입니다.- 통기성이 좋은 니트웨어 갑피.- 마모를 방지하는 Shield Protect Max 소재로 덮인 토 캡 및 굽 부분.- 레이스업 여밈.- 쉽게 착용할 수 있도록 뒷면에 풀 탭이 있습니다.- 탈착식 OrthoLite® 안창.- 가벼움, 편안함 및 반동을 보장하는 Spume Foam V3 기술이 적용된 중창.- 고무 구두창.Zara Athleticz.",133,https://static.zara.net/assets/public/e8df/e5a4/4b4e47d48d9d/01458d7c9cb7/12316620700-e1/12316620700-e1.jpg?ts=1757000910755&w=1280,True Winter,"₩ 89,900",https://www.zara.com/kr/ko/%E1%84%90%E1%85%B3%E1%84%85%E1%85%A6%E1%84%8B%E1%85%B5%E1%86%AF-%E1%84%85%E1%85%A5%E1%84%82%E1%85%B5%E1%86%BC%E1%84%92%E1%85%AA-p12316620.html,shoes
#111111,브라운 | 2401/520/700,포멀 슈즈,더비 스타일 포멀 슈즈. 매끄러운 갑피. 포인트 토. 가벼운 힐이 있는 밑창.,134,https://static.zara.net/assets/public/a3e3/5719/37d547978ca1/f6824f2a91a1/12401520700-e1/12401520700-e1.jpg?ts=1731579938605&w=1280,True Winter,"₩ 89,900",https://www.zara.com/kr/ko/%E1%84%91%E1%85%A9%E1%84%86%E1%85%A5%E1%86%AF-%E1%84%89%E1%85%B2%E1%84%8C%E1%85%B3-p12401520.html,shoes